id,base_form,lemma,part_of_speech,gender,plural,definite,forms,english,cefr,tags,notes,audio_key
V0001,unë,unë,pronoun,,,,{},I,A1,"['seed', 'curated']",,audio_vocab_0001
V0002,ti,ti,pronoun,,,,{},you (sg),A1,"['seed', 'curated']",,audio_vocab_0002
V0003,ai,ai,pronoun,,,,{},he,A1,"['seed', 'curated']",,audio_vocab_0003
V0004,ajo,ajo,pronoun,,,,{},she,A1,"['seed', 'curated']",,audio_vocab_0004
V0005,ne,ne,pronoun,,,,{},we,A1,"['seed', 'curated']",,audio_vocab_0005
V0006,ju,ju,pronoun,,,,{},you (pl),A1,"['seed', 'curated']",,audio_vocab_0006
V0007,ata,ata,pronoun,,,,{},they,A1,"['seed', 'curated']",,audio_vocab_0007
V0008,jam,jam,verb,,,,{},am,A1,"['seed', 'curated']",,audio_vocab_0008
V0009,je,je,verb,,,,{},are,A1,"['seed', 'curated']",,audio_vocab_0009
V0010,është,është,verb,,,,{},is,A1,"['seed', 'curated']",,audio_vocab_0010
V0011,po,po,interjection,,,,{},yes,A1,"['seed', 'curated']",,audio_vocab_0011
V0012,jo,jo,interjection,,,,{},no,A1,"['seed', 'curated']",,audio_vocab_0012
V0013,mirë,mirë,adjective,,,,{},good,A1,"['seed', 'curated']",,audio_vocab_0013
V0014,keq,keq,adjective,,,,{},bad,A1,"['seed', 'curated']",,audio_vocab_0014
V0015,shpejt,shpejt,adverb,,,,{},quickly,A1,"['seed', 'curated']",,audio_vocab_0015
V0016,ngadalë,ngadalë,adverb,,,,{},slowly,A1,"['seed', 'curated']",,audio_vocab_0016
V0017,kafe,kafe,noun,,,,{},coffee,A1,"['seed', 'curated']",,audio_vocab_0017
V0018,ujë,ujë,noun,,,,{},water,A1,"['seed', 'curated']",,audio_vocab_0018
V0019,bukë,bukë,noun,,,,{},bread,A1,"['seed', 'curated']",,audio_vocab_0019
V0020,qumësht,qumësht,noun,,,,{},milk,A1,"['seed', 'curated']",,audio_vocab_0020
V0021,çaj,çaj,noun,,,,{},tea,A1,"['seed', 'curated']",,audio_vocab_0021
V0022,shtëpi,shtëpi,noun,,,,{},house,A1,"['seed', 'curated']",,audio_vocab_0022
V0023,qytet,qytet,noun,,,,{},city,A1,"['seed', 'curated']",,audio_vocab_0023
V0024,rrugë,rrugë,noun,,,,{},street,A1,"['seed', 'curated']",,audio_vocab_0024
V0025,shkollë,shkollë,noun,,,,{},school,A1,"['seed', 'curated']",,audio_vocab_0025
V0026,punë,punë,noun,,,,{},work,A1,"['seed', 'curated']",,audio_vocab_0026
V0027,faleminderit,faleminderit,phrase,,,,{},thank you,A1,"['seed', 'curated']",,audio_vocab_0027
V0028,të lutem,të lutem,phrase,,,,{},please,A1,"['seed', 'curated']",,audio_vocab_0028
V0029,përshëndetje,përshëndetje,phrase,,,,{},hello,A1,"['seed', 'curated']",,audio_vocab_0029
V0030,mirupafshim,mirupafshim,phrase,,,,{},goodbye,A1,"['seed', 'curated']",,audio_vocab_0030
V0031,__TODO_WORD_0031__,__TODO_WORD_0031__,noun,,,,{},__TODO__,A1,"['todo', 'needs_frequency_fill']",Replace with real word from frequency list + add forms if needed.,
V0032,__TODO_WORD_0032__,__TODO_WORD_0032__,noun,,,,{},__TODO__,A1,"['todo', 'needs_frequency_fill']",Replace with real word from frequency list + add forms if needed.,
V0033,__TODO_WORD_0033__,__TODO_WORD_0033__,noun,,,,{},__TODO__,A1,"['todo', 'needs_frequency_fill']",Replace with real word from frequency list + add forms if needed.,
V0034,__TODO_WORD_0034__,__TODO_WORD_0034__,noun,,,,{},__TODO__,A1,"['todo', 'needs_frequency_fill']",Replace with real word from frequency list + add forms if needed.,
V0035,__TODO_WORD_0035__,__TODO_WORD_0035__,noun,,,,{},__TODO__,A1,"['todo', 'needs_frequency_fill']",Replace with real word from frequency list + add forms if needed.,
V0036,__TODO_WORD_0036__,__TODO_WORD_0036__,noun,,,,{},__TODO__,A1,"['todo', 'needs_frequency_fill']",Replace with real word from frequency list + add forms if needed.,
V0037,__TODO_WORD_0037__,__TODO_WORD_0037__,noun,,,,{},__TODO__,A1,"['todo', 'needs_frequency_fill']",Replace with real word from frequency list + add forms if needed.,
V0038,__TODO_WORD_0038__,__TODO_WORD_0038__,noun,,,,{},__TODO__,A1,"['todo', 'needs_frequency_fill']",Replace with real word from frequency list + add forms if needed.,
V0039,__TODO_WORD_0039__,__TODO_WORD_0039__,noun,,,,{},__TODO__,A1,"['todo', 'needs_frequency_fill']",Replace with real word from frequency list + add forms if needed.,
V0040,__TODO_WORD_0040__,__TODO_WORD_0040__,noun,,,,{},__TODO__,A1,"['todo', 'needs_frequency_fill']",Replace with real word from frequency list + add forms if needed.,
V0041,__TODO_WORD_0041__,__TODO_WORD_0041__,noun,,,,{},__TODO__,A1,"['todo', 'needs_frequency_fill']",Replace with real word from frequency list + add forms if needed.,
V0042,__TODO_WORD_0042__,__TODO_WORD_0042__,noun,,,,{},__TODO__,A1,"['todo', 'needs_frequency_fill']",Replace with real word from frequency list + add forms if needed.,
V0043,__TODO_WORD_0043__,__TODO_WORD_0043__,noun,,,,{},__TODO__,A1,"['todo', 'needs_frequency_fill']",Replace with real word from frequency list + add forms if needed.,
V0044,__TODO_WORD_0044__,__TODO_WORD_0044__,noun,,,,{},__TODO__,A1,"['todo', 'needs_frequency_fill']",Replace with real word from frequency list + add forms if needed.,
V0045,__TODO_WORD_0045__,__TODO_WORD_0045__,noun,,,,{},__TODO__,A1,"['todo', 'needs_frequency_fill']",Replace with real word from frequency list + add forms if needed.,
V0046,__TODO_WORD_0046__,__TODO_WORD_0046__,noun,,,,{},__TODO__,A1,"['todo', 'needs_frequency_fill']",Replace with real word from frequency list + add forms if needed.,
V0047,__TODO_WORD_0047__,__TODO_WORD_0047__,noun,,,,{},__TODO__,A1,"['todo', 'needs_frequency_fill']",Replace with real word from frequency list + add forms if needed.,
V0048,__TODO_WORD_0048__,__TODO_WORD_0048__,noun,,,,{},__TODO__,A1,"['todo', 'needs_frequency_fill']",Replace with real word from frequency list + add forms if needed.,
V0049,__TODO_WORD_0049__,__TODO_WORD_0049__,noun,,,,{},__TODO__,A1,"['todo', 'needs_frequency_fill']",Replace with real word from frequency list + add forms if needed.,
V0050,__TODO_WORD_0050__,__TODO_WORD_0050__,noun,,,,{},__TODO__,A1,"['todo', 'needs_frequency_fill']",Replace with real word from frequency list + add forms if needed.,
V0051,__TODO_WORD_0051__,__TODO_WORD_0051__,noun,,,,{},__TODO__,A1,"['todo', 'needs_frequency_fill']",Replace with real word from frequency list + add forms if needed.,
V0052,__TODO_WORD_0052__,__TODO_WORD_0052__,noun,,,,{},__TODO__,A1,"['todo', 'needs_frequency_fill']",Replace with real word from frequency list + add forms if needed.,
V0053,__TODO_WORD_0053__,__TODO_WORD_0053__,noun,,,,{},__TODO__,A1,"['todo', 'needs_frequency_fill']",Replace with real word from frequency list + add forms if needed.,
V0054,__TODO_WORD_0054__,__TODO_WORD_0054__,noun,,,,{},__TODO__,A1,"['todo', 'needs_frequency_fill']",Replace with real word from frequency list + add forms if needed.,
V0055,__TODO_WORD_0055__,__TODO_WORD_0055__,noun,,,,{},__TODO__,A1,"['todo', 'needs_frequency_fill']",Replace with real word from frequency list + add forms if needed.,
V0056,__TODO_WORD_0056__,__TODO_WORD_0056__,noun,,,,{},__TODO__,A1,"['todo', 'needs_frequency_fill']",Replace with real word from frequency list + add forms if needed.,
V0057,__TODO_WORD_0057__,__TODO_WORD_0057__,noun,,,,{},__TODO__,A1,"['todo', 'needs_frequency_fill']",Replace with real word from frequency list + add forms if needed.,
V0058,__TODO_WORD_0058__,__TODO_WORD_0058__,noun,,,,{},__TODO__,A1,"['todo', 'needs_frequency_fill']",Replace with real word from frequency list + add forms if needed.,
V0059,__TODO_WORD_0059__,__TODO_WORD_0059__,noun,,,,{},__TODO__,A1,"['todo', 'needs_frequency_fill']",Replace with real word from frequency list + add forms if needed.,
V0060,__TODO_WORD_0060__,__TODO_WORD_0060__,noun,,,,{},__TODO__,A1,"['todo', 'needs_frequency_fill']",Replace with real word from frequency list + add forms if needed.,
V0061,__TODO_WORD_0061__,__TODO_WORD_0061__,noun,,,,{},__TODO__,A1,"['todo', 'needs_frequency_fill']",Replace with real word from frequency list + add forms if needed.,
V0062,__TODO_WORD_0062__,__TODO_WORD_0062__,noun,,,,{},__TODO__,A1,"['todo', 'needs_frequency_fill']",Replace with real word from frequency list + add forms if needed.,
V0063,__TODO_WORD_0063__,__TODO_WORD_0063__,noun,,,,{},__TODO__,A1,"['todo', 'needs_frequency_fill']",Replace with real word from frequency list + add forms if needed.,
V0064,__TODO_WORD_0064__,__TODO_WORD_0064__,noun,,,,{},__TODO__,A1,"['todo', 'needs_frequency_fill']",Replace with real word from frequency list + add forms if needed.,
V0065,__TODO_WORD_0065__,__TODO_WORD_0065__,noun,,,,{},__TODO__,A1,"['todo', 'needs_frequency_fill']",Replace with real word from frequency list + add forms if needed.,
V0066,__TODO_WORD_0066__,__TODO_WORD_0066__,noun,,,,{},__TODO__,A1,"['todo', 'needs_frequency_fill']",Replace with real word from frequency list + add forms if needed.,
V0067,__TODO_WORD_0067__,__TODO_WORD_0067__,noun,,,,{},__TODO__,A1,"['todo', 'needs_frequency_fill']",Replace with real word from frequency list + add forms if needed.,
V0068,__TODO_WORD_0068__,__TODO_WORD_0068__,noun,,,,{},__TODO__,A1,"['todo', 'needs_frequency_fill']",Replace with real word from frequency list + add forms if needed.,
V0069,__TODO_WORD_0069__,__TODO_WORD_0069__,noun,,,,{},__TODO__,A1,"['todo', 'needs_frequency_fill']",Replace with real word from frequency list + add forms if needed.,
V0070,__TODO_WORD_0070__,__TODO_WORD_0070__,noun,,,,{},__TODO__,A1,"['todo', 'needs_frequency_fill']",Replace with real word from frequency list + add forms if needed.,
V0071,__TODO_WORD_0071__,__TODO_WORD_0071__,noun,,,,{},__TODO__,A1,"['todo', 'needs_frequency_fill']",Replace with real word from frequency list + add forms if needed.,
V0072,__TODO_WORD_0072__,__TODO_WORD_0072__,noun,,,,{},__TODO__,A1,"['todo', 'needs_frequency_fill']",Replace with real word from frequency list + add forms if needed.,
V0073,__TODO_WORD_0073__,__TODO_WORD_0073__,noun,,,,{},__TODO__,A1,"['todo', 'needs_frequency_fill']",Replace with real word from frequency list + add forms if needed.,
V0074,__TODO_WORD_0074__,__TODO_WORD_0074__,noun,,,,{},__TODO__,A1,"['todo', 'needs_frequency_fill']",Replace with real word from frequency list + add forms if needed.,
V0075,__TODO_WORD_0075__,__TODO_WORD_0075__,noun,,,,{},__TODO__,A1,"['todo', 'needs_frequency_fill']",Replace with real word from frequency list + add forms if needed.,
V0076,__TODO_WORD_0076__,__TODO_WORD_0076__,noun,,,,{},__TODO__,A1,"['todo', 'needs_frequency_fill']",Replace with real word from frequency list + add forms if needed.,
V0077,__TODO_WORD_0077__,__TODO_WORD_0077__,noun,,,,{},__TODO__,A1,"['todo', 'needs_frequency_fill']",Replace with real word from frequency list + add forms if needed.,
V0078,__TODO_WORD_0078__,__TODO_WORD_0078__,noun,,,,{},__TODO__,A1,"['todo', 'needs_frequency_fill']",Replace with real word from frequency list + add forms if needed.,
V0079,__TODO_WORD_0079__,__TODO_WORD_0079__,noun,,,,{},__TODO__,A1,"['todo', 'needs_frequency_fill']",Replace with real word from frequency list + add forms if needed.,
V0080,__TODO_WORD_0080__,__TODO_WORD_0080__,noun,,,,{},__TODO__,A1,"['todo', 'needs_frequency_fill']",Replace with real word from frequency list + add forms if needed.,
V0081,__TODO_WORD_0081__,__TODO_WORD_0081__,noun,,,,{},__TODO__,A1,"['todo', 'needs_frequency_fill']",Replace with real word from frequency list + add forms if needed.,
V0082,__TODO_WORD_0082__,__TODO_WORD_0082__,noun,,,,{},__TODO__,A1,"['todo', 'needs_frequency_fill']",Replace with real word from frequency list + add forms if needed.,
V0083,__TODO_WORD_0083__,__TODO_WORD_0083__,noun,,,,{},__TODO__,A1,"['todo', 'needs_frequency_fill']",Replace with real word from frequency list + add forms if needed.,
V0084,__TODO_WORD_0084__,__TODO_WORD_0084__,noun,,,,{},__TODO__,A1,"['todo', 'needs_frequency_fill']",Replace with real word from frequency list + add forms if needed.,
V0085,__TODO_WORD_0085__,__TODO_WORD_0085__,noun,,,,{},__TODO__,A1,"['todo', 'needs_frequency_fill']",Replace with real word from frequency list + add forms if needed.,
V0086,__TODO_WORD_0086__,__TODO_WORD_0086__,noun,,,,{},__TODO__,A1,"['todo', 'needs_frequency_fill']",Replace with real word from frequency list + add forms if needed.,
V0087,__TODO_WORD_0087__,__TODO_WORD_0087__,noun,,,,{},__TODO__,A1,"['todo', 'needs_frequency_fill']",Replace with real word from frequency list + add forms if needed.,
V0088,__TODO_WORD_0088__,__TODO_WORD_0088__,noun,,,,{},__TODO__,A1,"['todo', 'needs_frequency_fill']",Replace with real word from frequency list + add forms if needed.,
V0089,__TODO_WORD_0089__,__TODO_WORD_0089__,noun,,,,{},__TODO__,A1,"['todo', 'needs_frequency_fill']",Replace with real word from frequency list + add forms if needed.,
V0090,__TODO_WORD_0090__,__TODO_WORD_0090__,noun,,,,{},__TODO__,A1,"['todo', 'needs_frequency_fill']",Replace with real word from frequency list + add forms if needed.,
V0091,__TODO_WORD_0091__,__TODO_WORD_0091__,noun,,,,{},__TODO__,A1,"['todo', 'needs_frequency_fill']",Replace with real word from frequency list + add forms if needed.,
V0092,__TODO_WORD_0092__,__TODO_WORD_0092__,noun,,,,{},__TODO__,A1,"['todo', 'needs_frequency_fill']",Replace with real word from frequency list + add forms if needed.,
V0093,__TODO_WORD_0093__,__TODO_WORD_0093__,noun,,,,{},__TODO__,A1,"['todo', 'needs_frequency_fill']",Replace with real word from frequency list + add forms if needed.,
V0094,__TODO_WORD_0094__,__TODO_WORD_0094__,noun,,,,{},__TODO__,A1,"['todo', 'needs_frequency_fill']",Replace with real word from frequency list + add forms if needed.,
V0095,__TODO_WORD_0095__,__TODO_WORD_0095__,noun,,,,{},__TODO__,A1,"['todo', 'needs_frequency_fill']",Replace with real word from frequency list + add forms if needed.,
V0096,__TODO_WORD_0096__,__TODO_WORD_0096__,noun,,,,{},__TODO__,A1,"['todo', 'needs_frequency_fill']",Replace with real word from frequency list + add forms if needed.,
V0097,__TODO_WORD_0097__,__TODO_WORD_0097__,noun,,,,{},__TODO__,A1,"['todo', 'needs_frequency_fill']",Replace with real word from frequency list + add forms if needed.,
V0098,__TODO_WORD_0098__,__TODO_WORD_0098__,noun,,,,{},__TODO__,A1,"['todo', 'needs_frequency_fill']",Replace with real word from frequency list + add forms if needed.,
V0099,__TODO_WORD_0099__,__TODO_WORD_0099__,noun,,,,{},__TODO__,A1,"['todo', 'needs_frequency_fill']",Replace with real word from frequency list + add forms if needed.,
V0100,__TODO_WORD_0100__,__TODO_WORD_0100__,noun,,,,{},__TODO__,A1,"['todo', 'needs_frequency_fill']",Replace with real word from frequency list + add forms if needed.,
V0101,__TODO_WORD_0101__,__TODO_WORD_0101__,noun,,,,{},__TODO__,A1,"['todo', 'needs_frequency_fill']",Replace with real word from frequency list + add forms if needed.,
V0102,__TODO_WORD_0102__,__TODO_WORD_0102__,noun,,,,{},__TODO__,A1,"['todo', 'needs_frequency_fill']",Replace with real word from frequency list + add forms if needed.,
V0103,__TODO_WORD_0103__,__TODO_WORD_0103__,noun,,,,{},__TODO__,A1,"['todo', 'needs_frequency_fill']",Replace with real word from frequency list + add forms if needed.,
V0104,__TODO_WORD_0104__,__TODO_WORD_0104__,noun,,,,{},__TODO__,A1,"['todo', 'needs_frequency_fill']",Replace with real word from frequency list + add forms if needed.,
V0105,__TODO_WORD_0105__,__TODO_WORD_0105__,noun,,,,{},__TODO__,A1,"['todo', 'needs_frequency_fill']",Replace with real word from frequency list + add forms if needed.,
V0106,__TODO_WORD_0106__,__TODO_WORD_0106__,noun,,,,{},__TODO__,A1,"['todo', 'needs_frequency_fill']",Replace with real word from frequency list + add forms if needed.,
V0107,__TODO_WORD_0107__,__TODO_WORD_0107__,noun,,,,{},__TODO__,A1,"['todo', 'needs_frequency_fill']",Replace with real word from frequency list + add forms if needed.,
V0108,__TODO_WORD_0108__,__TODO_WORD_0108__,noun,,,,{},__TODO__,A1,"['todo', 'needs_frequency_fill']",Replace with real word from frequency list + add forms if needed.,
V0109,__TODO_WORD_0109__,__TODO_WORD_0109__,noun,,,,{},__TODO__,A1,"['todo', 'needs_frequency_fill']",Replace with real word from frequency list + add forms if needed.,
V0110,__TODO_WORD_0110__,__TODO_WORD_0110__,noun,,,,{},__TODO__,A1,"['todo', 'needs_frequency_fill']",Replace with real word from frequency list + add forms if needed.,
V0111,__TODO_WORD_0111__,__TODO_WORD_0111__,noun,,,,{},__TODO__,A1,"['todo', 'needs_frequency_fill']",Replace with real word from frequency list + add forms if needed.,
V0112,__TODO_WORD_0112__,__TODO_WORD_0112__,noun,,,,{},__TODO__,A1,"['todo', 'needs_frequency_fill']",Replace with real word from frequency list + add forms if needed.,
V0113,__TODO_WORD_0113__,__TODO_WORD_0113__,noun,,,,{},__TODO__,A1,"['todo', 'needs_frequency_fill']",Replace with real word from frequency list + add forms if needed.,
V0114,__TODO_WORD_0114__,__TODO_WORD_0114__,noun,,,,{},__TODO__,A1,"['todo', 'needs_frequency_fill']",Replace with real word from frequency list + add forms if needed.,
V0115,__TODO_WORD_0115__,__TODO_WORD_0115__,noun,,,,{},__TODO__,A1,"['todo', 'needs_frequency_fill']",Replace with real word from frequency list + add forms if needed.,
V0116,__TODO_WORD_0116__,__TODO_WORD_0116__,noun,,,,{},__TODO__,A1,"['todo', 'needs_frequency_fill']",Replace with real word from frequency list + add forms if needed.,
V0117,__TODO_WORD_0117__,__TODO_WORD_0117__,noun,,,,{},__TODO__,A1,"['todo', 'needs_frequency_fill']",Replace with real word from frequency list + add forms if needed.,
V0118,__TODO_WORD_0118__,__TODO_WORD_0118__,noun,,,,{},__TODO__,A1,"['todo', 'needs_frequency_fill']",Replace with real word from frequency list + add forms if needed.,
V0119,__TODO_WORD_0119__,__TODO_WORD_0119__,noun,,,,{},__TODO__,A1,"['todo', 'needs_frequency_fill']",Replace with real word from frequency list + add forms if needed.,
V0120,__TODO_WORD_0120__,__TODO_WORD_0120__,noun,,,,{},__TODO__,A1,"['todo', 'needs_frequency_fill']",Replace with real word from frequency list + add forms if needed.,
V0121,__TODO_WORD_0121__,__TODO_WORD_0121__,noun,,,,{},__TODO__,A1,"['todo', 'needs_frequency_fill']",Replace with real word from frequency list + add forms if needed.,
V0122,__TODO_WORD_0122__,__TODO_WORD_0122__,noun,,,,{},__TODO__,A1,"['todo', 'needs_frequency_fill']",Replace with real word from frequency list + add forms if needed.,
V0123,__TODO_WORD_0123__,__TODO_WORD_0123__,noun,,,,{},__TODO__,A1,"['todo', 'needs_frequency_fill']",Replace with real word from frequency list + add forms if needed.,
V0124,__TODO_WORD_0124__,__TODO_WORD_0124__,noun,,,,{},__TODO__,A1,"['todo', 'needs_frequency_fill']",Replace with real word from frequency list + add forms if needed.,
V0125,__TODO_WORD_0125__,__TODO_WORD_0125__,noun,,,,{},__TODO__,A1,"['todo', 'needs_frequency_fill']",Replace with real word from frequency list + add forms if needed.,
V0126,__TODO_WORD_0126__,__TODO_WORD_0126__,noun,,,,{},__TODO__,A1,"['todo', 'needs_frequency_fill']",Replace with real word from frequency list + add forms if needed.,
V0127,__TODO_WORD_0127__,__TODO_WORD_0127__,noun,,,,{},__TODO__,A1,"['todo', 'needs_frequency_fill']",Replace with real word from frequency list + add forms if needed.,
V0128,__TODO_WORD_0128__,__TODO_WORD_0128__,noun,,,,{},__TODO__,A1,"['todo', 'needs_frequency_fill']",Replace with real word from frequency list + add forms if needed.,
V0129,__TODO_WORD_0129__,__TODO_WORD_0129__,noun,,,,{},__TODO__,A1,"['todo', 'needs_frequency_fill']",Replace with real word from frequency list + add forms if needed.,
V0130,__TODO_WORD_0130__,__TODO_WORD_0130__,noun,,,,{},__TODO__,A1,"['todo', 'needs_frequency_fill']",Replace with real word from frequency list + add forms if needed.,
V0131,__TODO_WORD_0131__,__TODO_WORD_0131__,noun,,,,{},__TODO__,A1,"['todo', 'needs_frequency_fill']",Replace with real word from frequency list + add forms if needed.,
V0132,__TODO_WORD_0132__,__TODO_WORD_0132__,noun,,,,{},__TODO__,A1,"['todo', 'needs_frequency_fill']",Replace with real word from frequency list + add forms if needed.,
V0133,__TODO_WORD_0133__,__TODO_WORD_0133__,noun,,,,{},__TODO__,A1,"['todo', 'needs_frequency_fill']",Replace with real word from frequency list + add forms if needed.,
V0134,__TODO_WORD_0134__,__TODO_WORD_0134__,noun,,,,{},__TODO__,A1,"['todo', 'needs_frequency_fill']",Replace with real word from frequency list + add forms if needed.,
V0135,__TODO_WORD_0135__,__TODO_WORD_0135__,noun,,,,{},__TODO__,A1,"['todo', 'needs_frequency_fill']",Replace with real word from frequency list + add forms if needed.,
V0136,__TODO_WORD_0136__,__TODO_WORD_0136__,noun,,,,{},__TODO__,A1,"['todo', 'needs_frequency_fill']",Replace with real word from frequency list + add forms if needed.,
V0137,__TODO_WORD_0137__,__TODO_WORD_0137__,noun,,,,{},__TODO__,A1,"['todo', 'needs_frequency_fill']",Replace with real word from frequency list + add forms if needed.,
V0138,__TODO_WORD_0138__,__TODO_WORD_0138__,noun,,,,{},__TODO__,A1,"['todo', 'needs_frequency_fill']",Replace with real word from frequency list + add forms if needed.,
V0139,__TODO_WORD_0139__,__TODO_WORD_0139__,noun,,,,{},__TODO__,A1,"['todo', 'needs_frequency_fill']",Replace with real word from frequency list + add forms if needed.,
V0140,__TODO_WORD_0140__,__TODO_WORD_0140__,noun,,,,{},__TODO__,A1,"['todo', 'needs_frequency_fill']",Replace with real word from frequency list + add forms if needed.,
V0141,__TODO_WORD_0141__,__TODO_WORD_0141__,noun,,,,{},__TODO__,A1,"['todo', 'needs_frequency_fill']",Replace with real word from frequency list + add forms if needed.,
V0142,__TODO_WORD_0142__,__TODO_WORD_0142__,noun,,,,{},__TODO__,A1,"['todo', 'needs_frequency_fill']",Replace with real word from frequency list + add forms if needed.,
V0143,__TODO_WORD_0143__,__TODO_WORD_0143__,noun,,,,{},__TODO__,A1,"['todo', 'needs_frequency_fill']",Replace with real word from frequency list + add forms if needed.,
V0144,__TODO_WORD_0144__,__TODO_WORD_0144__,noun,,,,{},__TODO__,A1,"['todo', 'needs_frequency_fill']",Replace with real word from frequency list + add forms if needed.,
V0145,__TODO_WORD_0145__,__TODO_WORD_0145__,noun,,,,{},__TODO__,A1,"['todo', 'needs_frequency_fill']",Replace with real word from frequency list + add forms if needed.,
V0146,__TODO_WORD_0146__,__TODO_WORD_0146__,noun,,,,{},__TODO__,A1,"['todo', 'needs_frequency_fill']",Replace with real word from frequency list + add forms if needed.,
V0147,__TODO_WORD_0147__,__TODO_WORD_0147__,noun,,,,{},__TODO__,A1,"['todo', 'needs_frequency_fill']",Replace with real word from frequency list + add forms if needed.,
V0148,__TODO_WORD_0148__,__TODO_WORD_0148__,noun,,,,{},__TODO__,A1,"['todo', 'needs_frequency_fill']",Replace with real word from frequency list + add forms if needed.,
V0149,__TODO_WORD_0149__,__TODO_WORD_0149__,noun,,,,{},__TODO__,A1,"['todo', 'needs_frequency_fill']",Replace with real word from frequency list + add forms if needed.,
V0150,__TODO_WORD_0150__,__TODO_WORD_0150__,noun,,,,{},__TODO__,A1,"['todo', 'needs_frequency_fill']",Replace with real word from frequency list + add forms if needed.,
V0151,__TODO_WORD_0151__,__TODO_WORD_0151__,noun,,,,{},__TODO__,A1,"['todo', 'needs_frequency_fill']",Replace with real word from frequency list + add forms if needed.,
V0152,__TODO_WORD_0152__,__TODO_WORD_0152__,noun,,,,{},__TODO__,A1,"['todo', 'needs_frequency_fill']",Replace with real word from frequency list + add forms if needed.,
V0153,__TODO_WORD_0153__,__TODO_WORD_0153__,noun,,,,{},__TODO__,A1,"['todo', 'needs_frequency_fill']",Replace with real word from frequency list + add forms if needed.,
V0154,__TODO_WORD_0154__,__TODO_WORD_0154__,noun,,,,{},__TODO__,A1,"['todo', 'needs_frequency_fill']",Replace with real word from frequency list + add forms if needed.,
V0155,__TODO_WORD_0155__,__TODO_WORD_0155__,noun,,,,{},__TODO__,A1,"['todo', 'needs_frequency_fill']",Replace with real word from frequency list + add forms if needed.,
V0156,__TODO_WORD_0156__,__TODO_WORD_0156__,noun,,,,{},__TODO__,A1,"['todo', 'needs_frequency_fill']",Replace with real word from frequency list + add forms if needed.,
V0157,__TODO_WORD_0157__,__TODO_WORD_0157__,noun,,,,{},__TODO__,A1,"['todo', 'needs_frequency_fill']",Replace with real word from frequency list + add forms if needed.,
V0158,__TODO_WORD_0158__,__TODO_WORD_0158__,noun,,,,{},__TODO__,A1,"['todo', 'needs_frequency_fill']",Replace with real word from frequency list + add forms if needed.,
V0159,__TODO_WORD_0159__,__TODO_WORD_0159__,noun,,,,{},__TODO__,A1,"['todo', 'needs_frequency_fill']",Replace with real word from frequency list + add forms if needed.,
V0160,__TODO_WORD_0160__,__TODO_WORD_0160__,noun,,,,{},__TODO__,A1,"['todo', 'needs_frequency_fill']",Replace with real word from frequency list + add forms if needed.,
V0161,__TODO_WORD_0161__,__TODO_WORD_0161__,noun,,,,{},__TODO__,A1,"['todo', 'needs_frequency_fill']",Replace with real word from frequency list + add forms if needed.,
V0162,__TODO_WORD_0162__,__TODO_WORD_0162__,noun,,,,{},__TODO__,A1,"['todo', 'needs_frequency_fill']",Replace with real word from frequency list + add forms if needed.,
V0163,__TODO_WORD_0163__,__TODO_WORD_0163__,noun,,,,{},__TODO__,A1,"['todo', 'needs_frequency_fill']",Replace with real word from frequency list + add forms if needed.,
V0164,__TODO_WORD_0164__,__TODO_WORD_0164__,noun,,,,{},__TODO__,A1,"['todo', 'needs_frequency_fill']",Replace with real word from frequency list + add forms if needed.,
V0165,__TODO_WORD_0165__,__TODO_WORD_0165__,noun,,,,{},__TODO__,A1,"['todo', 'needs_frequency_fill']",Replace with real word from frequency list + add forms if needed.,
V0166,__TODO_WORD_0166__,__TODO_WORD_0166__,noun,,,,{},__TODO__,A1,"['todo', 'needs_frequency_fill']",Replace with real word from frequency list + add forms if needed.,
V0167,__TODO_WORD_0167__,__TODO_WORD_0167__,noun,,,,{},__TODO__,A1,"['todo', 'needs_frequency_fill']",Replace with real word from frequency list + add forms if needed.,
V0168,__TODO_WORD_0168__,__TODO_WORD_0168__,noun,,,,{},__TODO__,A1,"['todo', 'needs_frequency_fill']",Replace with real word from frequency list + add forms if needed.,
V0169,__TODO_WORD_0169__,__TODO_WORD_0169__,noun,,,,{},__TODO__,A1,"['todo', 'needs_frequency_fill']",Replace with real word from frequency list + add forms if needed.,
V0170,__TODO_WORD_0170__,__TODO_WORD_0170__,noun,,,,{},__TODO__,A1,"['todo', 'needs_frequency_fill']",Replace with real word from frequency list + add forms if needed.,
V0171,__TODO_WORD_0171__,__TODO_WORD_0171__,noun,,,,{},__TODO__,A1,"['todo', 'needs_frequency_fill']",Replace with real word from frequency list + add forms if needed.,
V0172,__TODO_WORD_0172__,__TODO_WORD_0172__,noun,,,,{},__TODO__,A1,"['todo', 'needs_frequency_fill']",Replace with real word from frequency list + add forms if needed.,
V0173,__TODO_WORD_0173__,__TODO_WORD_0173__,noun,,,,{},__TODO__,A1,"['todo', 'needs_frequency_fill']",Replace with real word from frequency list + add forms if needed.,
V0174,__TODO_WORD_0174__,__TODO_WORD_0174__,noun,,,,{},__TODO__,A1,"['todo', 'needs_frequency_fill']",Replace with real word from frequency list + add forms if needed.,
V0175,__TODO_WORD_0175__,__TODO_WORD_0175__,noun,,,,{},__TODO__,A1,"['todo', 'needs_frequency_fill']",Replace with real word from frequency list + add forms if needed.,
V0176,__TODO_WORD_0176__,__TODO_WORD_0176__,noun,,,,{},__TODO__,A1,"['todo', 'needs_frequency_fill']",Replace with real word from frequency list + add forms if needed.,
V0177,__TODO_WORD_0177__,__TODO_WORD_0177__,noun,,,,{},__TODO__,A1,"['todo', 'needs_frequency_fill']",Replace with real word from frequency list + add forms if needed.,
V0178,__TODO_WORD_0178__,__TODO_WORD_0178__,noun,,,,{},__TODO__,A1,"['todo', 'needs_frequency_fill']",Replace with real word from frequency list + add forms if needed.,
V0179,__TODO_WORD_0179__,__TODO_WORD_0179__,noun,,,,{},__TODO__,A1,"['todo', 'needs_frequency_fill']",Replace with real word from frequency list + add forms if needed.,
V0180,__TODO_WORD_0180__,__TODO_WORD_0180__,noun,,,,{},__TODO__,A1,"['todo', 'needs_frequency_fill']",Replace with real word from frequency list + add forms if needed.,
V0181,__TODO_WORD_0181__,__TODO_WORD_0181__,noun,,,,{},__TODO__,A1,"['todo', 'needs_frequency_fill']",Replace with real word from frequency list + add forms if needed.,
V0182,__TODO_WORD_0182__,__TODO_WORD_0182__,noun,,,,{},__TODO__,A1,"['todo', 'needs_frequency_fill']",Replace with real word from frequency list + add forms if needed.,
V0183,__TODO_WORD_0183__,__TODO_WORD_0183__,noun,,,,{},__TODO__,A1,"['todo', 'needs_frequency_fill']",Replace with real word from frequency list + add forms if needed.,
V0184,__TODO_WORD_0184__,__TODO_WORD_0184__,noun,,,,{},__TODO__,A1,"['todo', 'needs_frequency_fill']",Replace with real word from frequency list + add forms if needed.,
V0185,__TODO_WORD_0185__,__TODO_WORD_0185__,noun,,,,{},__TODO__,A1,"['todo', 'needs_frequency_fill']",Replace with real word from frequency list + add forms if needed.,
V0186,__TODO_WORD_0186__,__TODO_WORD_0186__,noun,,,,{},__TODO__,A1,"['todo', 'needs_frequency_fill']",Replace with real word from frequency list + add forms if needed.,
V0187,__TODO_WORD_0187__,__TODO_WORD_0187__,noun,,,,{},__TODO__,A1,"['todo', 'needs_frequency_fill']",Replace with real word from frequency list + add forms if needed.,
V0188,__TODO_WORD_0188__,__TODO_WORD_0188__,noun,,,,{},__TODO__,A1,"['todo', 'needs_frequency_fill']",Replace with real word from frequency list + add forms if needed.,
V0189,__TODO_WORD_0189__,__TODO_WORD_0189__,noun,,,,{},__TODO__,A1,"['todo', 'needs_frequency_fill']",Replace with real word from frequency list + add forms if needed.,
V0190,__TODO_WORD_0190__,__TODO_WORD_0190__,noun,,,,{},__TODO__,A1,"['todo', 'needs_frequency_fill']",Replace with real word from frequency list + add forms if needed.,
V0191,__TODO_WORD_0191__,__TODO_WORD_0191__,noun,,,,{},__TODO__,A1,"['todo', 'needs_frequency_fill']",Replace with real word from frequency list + add forms if needed.,
V0192,__TODO_WORD_0192__,__TODO_WORD_0192__,noun,,,,{},__TODO__,A1,"['todo', 'needs_frequency_fill']",Replace with real word from frequency list + add forms if needed.,
V0193,__TODO_WORD_0193__,__TODO_WORD_0193__,noun,,,,{},__TODO__,A1,"['todo', 'needs_frequency_fill']",Replace with real word from frequency list + add forms if needed.,
V0194,__TODO_WORD_0194__,__TODO_WORD_0194__,noun,,,,{},__TODO__,A1,"['todo', 'needs_frequency_fill']",Replace with real word from frequency list + add forms if needed.,
V0195,__TODO_WORD_0195__,__TODO_WORD_0195__,noun,,,,{},__TODO__,A1,"['todo', 'needs_frequency_fill']",Replace with real word from frequency list + add forms if needed.,
V0196,__TODO_WORD_0196__,__TODO_WORD_0196__,noun,,,,{},__TODO__,A1,"['todo', 'needs_frequency_fill']",Replace with real word from frequency list + add forms if needed.,
V0197,__TODO_WORD_0197__,__TODO_WORD_0197__,noun,,,,{},__TODO__,A1,"['todo', 'needs_frequency_fill']",Replace with real word from frequency list + add forms if needed.,
V0198,__TODO_WORD_0198__,__TODO_WORD_0198__,noun,,,,{},__TODO__,A1,"['todo', 'needs_frequency_fill']",Replace with real word from frequency list + add forms if needed.,
V0199,__TODO_WORD_0199__,__TODO_WORD_0199__,noun,,,,{},__TODO__,A1,"['todo', 'needs_frequency_fill']",Replace with real word from frequency list + add forms if needed.,
V0200,__TODO_WORD_0200__,__TODO_WORD_0200__,noun,,,,{},__TODO__,A1,"['todo', 'needs_frequency_fill']",Replace with real word from frequency list + add forms if needed.,
V0201,__TODO_WORD_0201__,__TODO_WORD_0201__,noun,,,,{},__TODO__,A1,"['todo', 'needs_frequency_fill']",Replace with real word from frequency list + add forms if needed.,
V0202,__TODO_WORD_0202__,__TODO_WORD_0202__,noun,,,,{},__TODO__,A1,"['todo', 'needs_frequency_fill']",Replace with real word from frequency list + add forms if needed.,
V0203,__TODO_WORD_0203__,__TODO_WORD_0203__,noun,,,,{},__TODO__,A1,"['todo', 'needs_frequency_fill']",Replace with real word from frequency list + add forms if needed.,
V0204,__TODO_WORD_0204__,__TODO_WORD_0204__,noun,,,,{},__TODO__,A1,"['todo', 'needs_frequency_fill']",Replace with real word from frequency list + add forms if needed.,
V0205,__TODO_WORD_0205__,__TODO_WORD_0205__,noun,,,,{},__TODO__,A1,"['todo', 'needs_frequency_fill']",Replace with real word from frequency list + add forms if needed.,
V0206,__TODO_WORD_0206__,__TODO_WORD_0206__,noun,,,,{},__TODO__,A1,"['todo', 'needs_frequency_fill']",Replace with real word from frequency list + add forms if needed.,
V0207,__TODO_WORD_0207__,__TODO_WORD_0207__,noun,,,,{},__TODO__,A1,"['todo', 'needs_frequency_fill']",Replace with real word from frequency list + add forms if needed.,
V0208,__TODO_WORD_0208__,__TODO_WORD_0208__,noun,,,,{},__TODO__,A1,"['todo', 'needs_frequency_fill']",Replace with real word from frequency list + add forms if needed.,
V0209,__TODO_WORD_0209__,__TODO_WORD_0209__,noun,,,,{},__TODO__,A1,"['todo', 'needs_frequency_fill']",Replace with real word from frequency list + add forms if needed.,
V0210,__TODO_WORD_0210__,__TODO_WORD_0210__,noun,,,,{},__TODO__,A1,"['todo', 'needs_frequency_fill']",Replace with real word from frequency list + add forms if needed.,
V0211,__TODO_WORD_0211__,__TODO_WORD_0211__,noun,,,,{},__TODO__,A1,"['todo', 'needs_frequency_fill']",Replace with real word from frequency list + add forms if needed.,
V0212,__TODO_WORD_0212__,__TODO_WORD_0212__,noun,,,,{},__TODO__,A1,"['todo', 'needs_frequency_fill']",Replace with real word from frequency list + add forms if needed.,
V0213,__TODO_WORD_0213__,__TODO_WORD_0213__,noun,,,,{},__TODO__,A1,"['todo', 'needs_frequency_fill']",Replace with real word from frequency list + add forms if needed.,
V0214,__TODO_WORD_0214__,__TODO_WORD_0214__,noun,,,,{},__TODO__,A1,"['todo', 'needs_frequency_fill']",Replace with real word from frequency list + add forms if needed.,
V0215,__TODO_WORD_0215__,__TODO_WORD_0215__,noun,,,,{},__TODO__,A1,"['todo', 'needs_frequency_fill']",Replace with real word from frequency list + add forms if needed.,
V0216,__TODO_WORD_0216__,__TODO_WORD_0216__,noun,,,,{},__TODO__,A1,"['todo', 'needs_frequency_fill']",Replace with real word from frequency list + add forms if needed.,
V0217,__TODO_WORD_0217__,__TODO_WORD_0217__,noun,,,,{},__TODO__,A1,"['todo', 'needs_frequency_fill']",Replace with real word from frequency list + add forms if needed.,
V0218,__TODO_WORD_0218__,__TODO_WORD_0218__,noun,,,,{},__TODO__,A1,"['todo', 'needs_frequency_fill']",Replace with real word from frequency list + add forms if needed.,
V0219,__TODO_WORD_0219__,__TODO_WORD_0219__,noun,,,,{},__TODO__,A1,"['todo', 'needs_frequency_fill']",Replace with real word from frequency list + add forms if needed.,
V0220,__TODO_WORD_0220__,__TODO_WORD_0220__,noun,,,,{},__TODO__,A1,"['todo', 'needs_frequency_fill']",Replace with real word from frequency list + add forms if needed.,
V0221,__TODO_WORD_0221__,__TODO_WORD_0221__,noun,,,,{},__TODO__,A1,"['todo', 'needs_frequency_fill']",Replace with real word from frequency list + add forms if needed.,
V0222,__TODO_WORD_0222__,__TODO_WORD_0222__,noun,,,,{},__TODO__,A1,"['todo', 'needs_frequency_fill']",Replace with real word from frequency list + add forms if needed.,
V0223,__TODO_WORD_0223__,__TODO_WORD_0223__,noun,,,,{},__TODO__,A1,"['todo', 'needs_frequency_fill']",Replace with real word from frequency list + add forms if needed.,
V0224,__TODO_WORD_0224__,__TODO_WORD_0224__,noun,,,,{},__TODO__,A1,"['todo', 'needs_frequency_fill']",Replace with real word from frequency list + add forms if needed.,
V0225,__TODO_WORD_0225__,__TODO_WORD_0225__,noun,,,,{},__TODO__,A1,"['todo', 'needs_frequency_fill']",Replace with real word from frequency list + add forms if needed.,
V0226,__TODO_WORD_0226__,__TODO_WORD_0226__,noun,,,,{},__TODO__,A1,"['todo', 'needs_frequency_fill']",Replace with real word from frequency list + add forms if needed.,
V0227,__TODO_WORD_0227__,__TODO_WORD_0227__,noun,,,,{},__TODO__,A1,"['todo', 'needs_frequency_fill']",Replace with real word from frequency list + add forms if needed.,
V0228,__TODO_WORD_0228__,__TODO_WORD_0228__,noun,,,,{},__TODO__,A1,"['todo', 'needs_frequency_fill']",Replace with real word from frequency list + add forms if needed.,
V0229,__TODO_WORD_0229__,__TODO_WORD_0229__,noun,,,,{},__TODO__,A1,"['todo', 'needs_frequency_fill']",Replace with real word from frequency list + add forms if needed.,
V0230,__TODO_WORD_0230__,__TODO_WORD_0230__,noun,,,,{},__TODO__,A1,"['todo', 'needs_frequency_fill']",Replace with real word from frequency list + add forms if needed.,
V0231,__TODO_WORD_0231__,__TODO_WORD_0231__,noun,,,,{},__TODO__,A1,"['todo', 'needs_frequency_fill']",Replace with real word from frequency list + add forms if needed.,
V0232,__TODO_WORD_0232__,__TODO_WORD_0232__,noun,,,,{},__TODO__,A1,"['todo', 'needs_frequency_fill']",Replace with real word from frequency list + add forms if needed.,
V0233,__TODO_WORD_0233__,__TODO_WORD_0233__,noun,,,,{},__TODO__,A1,"['todo', 'needs_frequency_fill']",Replace with real word from frequency list + add forms if needed.,
V0234,__TODO_WORD_0234__,__TODO_WORD_0234__,noun,,,,{},__TODO__,A1,"['todo', 'needs_frequency_fill']",Replace with real word from frequency list + add forms if needed.,
V0235,__TODO_WORD_0235__,__TODO_WORD_0235__,noun,,,,{},__TODO__,A1,"['todo', 'needs_frequency_fill']",Replace with real word from frequency list + add forms if needed.,
V0236,__TODO_WORD_0236__,__TODO_WORD_0236__,noun,,,,{},__TODO__,A1,"['todo', 'needs_frequency_fill']",Replace with real word from frequency list + add forms if needed.,
V0237,__TODO_WORD_0237__,__TODO_WORD_0237__,noun,,,,{},__TODO__,A1,"['todo', 'needs_frequency_fill']",Replace with real word from frequency list + add forms if needed.,
V0238,__TODO_WORD_0238__,__TODO_WORD_0238__,noun,,,,{},__TODO__,A1,"['todo', 'needs_frequency_fill']",Replace with real word from frequency list + add forms if needed.,
V0239,__TODO_WORD_0239__,__TODO_WORD_0239__,noun,,,,{},__TODO__,A1,"['todo', 'needs_frequency_fill']",Replace with real word from frequency list + add forms if needed.,
V0240,__TODO_WORD_0240__,__TODO_WORD_0240__,noun,,,,{},__TODO__,A1,"['todo', 'needs_frequency_fill']",Replace with real word from frequency list + add forms if needed.,
V0241,__TODO_WORD_0241__,__TODO_WORD_0241__,noun,,,,{},__TODO__,A1,"['todo', 'needs_frequency_fill']",Replace with real word from frequency list + add forms if needed.,
V0242,__TODO_WORD_0242__,__TODO_WORD_0242__,noun,,,,{},__TODO__,A1,"['todo', 'needs_frequency_fill']",Replace with real word from frequency list + add forms if needed.,
V0243,__TODO_WORD_0243__,__TODO_WORD_0243__,noun,,,,{},__TODO__,A1,"['todo', 'needs_frequency_fill']",Replace with real word from frequency list + add forms if needed.,
V0244,__TODO_WORD_0244__,__TODO_WORD_0244__,noun,,,,{},__TODO__,A1,"['todo', 'needs_frequency_fill']",Replace with real word from frequency list + add forms if needed.,
V0245,__TODO_WORD_0245__,__TODO_WORD_0245__,noun,,,,{},__TODO__,A1,"['todo', 'needs_frequency_fill']",Replace with real word from frequency list + add forms if needed.,
V0246,__TODO_WORD_0246__,__TODO_WORD_0246__,noun,,,,{},__TODO__,A1,"['todo', 'needs_frequency_fill']",Replace with real word from frequency list + add forms if needed.,
V0247,__TODO_WORD_0247__,__TODO_WORD_0247__,noun,,,,{},__TODO__,A1,"['todo', 'needs_frequency_fill']",Replace with real word from frequency list + add forms if needed.,
V0248,__TODO_WORD_0248__,__TODO_WORD_0248__,noun,,,,{},__TODO__,A1,"['todo', 'needs_frequency_fill']",Replace with real word from frequency list + add forms if needed.,
V0249,__TODO_WORD_0249__,__TODO_WORD_0249__,noun,,,,{},__TODO__,A1,"['todo', 'needs_frequency_fill']",Replace with real word from frequency list + add forms if needed.,
V0250,__TODO_WORD_0250__,__TODO_WORD_0250__,noun,,,,{},__TODO__,A1,"['todo', 'needs_frequency_fill']",Replace with real word from frequency list + add forms if needed.,
V0251,__TODO_WORD_0251__,__TODO_WORD_0251__,noun,,,,{},__TODO__,A1,"['todo', 'needs_frequency_fill']",Replace with real word from frequency list + add forms if needed.,
V0252,__TODO_WORD_0252__,__TODO_WORD_0252__,noun,,,,{},__TODO__,A1,"['todo', 'needs_frequency_fill']",Replace with real word from frequency list + add forms if needed.,
V0253,__TODO_WORD_0253__,__TODO_WORD_0253__,noun,,,,{},__TODO__,A1,"['todo', 'needs_frequency_fill']",Replace with real word from frequency list + add forms if needed.,
V0254,__TODO_WORD_0254__,__TODO_WORD_0254__,noun,,,,{},__TODO__,A1,"['todo', 'needs_frequency_fill']",Replace with real word from frequency list + add forms if needed.,
V0255,__TODO_WORD_0255__,__TODO_WORD_0255__,noun,,,,{},__TODO__,A1,"['todo', 'needs_frequency_fill']",Replace with real word from frequency list + add forms if needed.,
V0256,__TODO_WORD_0256__,__TODO_WORD_0256__,noun,,,,{},__TODO__,A1,"['todo', 'needs_frequency_fill']",Replace with real word from frequency list + add forms if needed.,
V0257,__TODO_WORD_0257__,__TODO_WORD_0257__,noun,,,,{},__TODO__,A1,"['todo', 'needs_frequency_fill']",Replace with real word from frequency list + add forms if needed.,
V0258,__TODO_WORD_0258__,__TODO_WORD_0258__,noun,,,,{},__TODO__,A1,"['todo', 'needs_frequency_fill']",Replace with real word from frequency list + add forms if needed.,
V0259,__TODO_WORD_0259__,__TODO_WORD_0259__,noun,,,,{},__TODO__,A1,"['todo', 'needs_frequency_fill']",Replace with real word from frequency list + add forms if needed.,
V0260,__TODO_WORD_0260__,__TODO_WORD_0260__,noun,,,,{},__TODO__,A1,"['todo', 'needs_frequency_fill']",Replace with real word from frequency list + add forms if needed.,
V0261,__TODO_WORD_0261__,__TODO_WORD_0261__,noun,,,,{},__TODO__,A1,"['todo', 'needs_frequency_fill']",Replace with real word from frequency list + add forms if needed.,
V0262,__TODO_WORD_0262__,__TODO_WORD_0262__,noun,,,,{},__TODO__,A1,"['todo', 'needs_frequency_fill']",Replace with real word from frequency list + add forms if needed.,
V0263,__TODO_WORD_0263__,__TODO_WORD_0263__,noun,,,,{},__TODO__,A1,"['todo', 'needs_frequency_fill']",Replace with real word from frequency list + add forms if needed.,
V0264,__TODO_WORD_0264__,__TODO_WORD_0264__,noun,,,,{},__TODO__,A1,"['todo', 'needs_frequency_fill']",Replace with real word from frequency list + add forms if needed.,
V0265,__TODO_WORD_0265__,__TODO_WORD_0265__,noun,,,,{},__TODO__,A1,"['todo', 'needs_frequency_fill']",Replace with real word from frequency list + add forms if needed.,
V0266,__TODO_WORD_0266__,__TODO_WORD_0266__,noun,,,,{},__TODO__,A1,"['todo', 'needs_frequency_fill']",Replace with real word from frequency list + add forms if needed.,
V0267,__TODO_WORD_0267__,__TODO_WORD_0267__,noun,,,,{},__TODO__,A1,"['todo', 'needs_frequency_fill']",Replace with real word from frequency list + add forms if needed.,
V0268,__TODO_WORD_0268__,__TODO_WORD_0268__,noun,,,,{},__TODO__,A1,"['todo', 'needs_frequency_fill']",Replace with real word from frequency list + add forms if needed.,
V0269,__TODO_WORD_0269__,__TODO_WORD_0269__,noun,,,,{},__TODO__,A1,"['todo', 'needs_frequency_fill']",Replace with real word from frequency list + add forms if needed.,
V0270,__TODO_WORD_0270__,__TODO_WORD_0270__,noun,,,,{},__TODO__,A1,"['todo', 'needs_frequency_fill']",Replace with real word from frequency list + add forms if needed.,
V0271,__TODO_WORD_0271__,__TODO_WORD_0271__,noun,,,,{},__TODO__,A1,"['todo', 'needs_frequency_fill']",Replace with real word from frequency list + add forms if needed.,
V0272,__TODO_WORD_0272__,__TODO_WORD_0272__,noun,,,,{},__TODO__,A1,"['todo', 'needs_frequency_fill']",Replace with real word from frequency list + add forms if needed.,
V0273,__TODO_WORD_0273__,__TODO_WORD_0273__,noun,,,,{},__TODO__,A1,"['todo', 'needs_frequency_fill']",Replace with real word from frequency list + add forms if needed.,
V0274,__TODO_WORD_0274__,__TODO_WORD_0274__,noun,,,,{},__TODO__,A1,"['todo', 'needs_frequency_fill']",Replace with real word from frequency list + add forms if needed.,
V0275,__TODO_WORD_0275__,__TODO_WORD_0275__,noun,,,,{},__TODO__,A1,"['todo', 'needs_frequency_fill']",Replace with real word from frequency list + add forms if needed.,
V0276,__TODO_WORD_0276__,__TODO_WORD_0276__,noun,,,,{},__TODO__,A1,"['todo', 'needs_frequency_fill']",Replace with real word from frequency list + add forms if needed.,
V0277,__TODO_WORD_0277__,__TODO_WORD_0277__,noun,,,,{},__TODO__,A1,"['todo', 'needs_frequency_fill']",Replace with real word from frequency list + add forms if needed.,
V0278,__TODO_WORD_0278__,__TODO_WORD_0278__,noun,,,,{},__TODO__,A1,"['todo', 'needs_frequency_fill']",Replace with real word from frequency list + add forms if needed.,
V0279,__TODO_WORD_0279__,__TODO_WORD_0279__,noun,,,,{},__TODO__,A1,"['todo', 'needs_frequency_fill']",Replace with real word from frequency list + add forms if needed.,
V0280,__TODO_WORD_0280__,__TODO_WORD_0280__,noun,,,,{},__TODO__,A1,"['todo', 'needs_frequency_fill']",Replace with real word from frequency list + add forms if needed.,
V0281,__TODO_WORD_0281__,__TODO_WORD_0281__,noun,,,,{},__TODO__,A1,"['todo', 'needs_frequency_fill']",Replace with real word from frequency list + add forms if needed.,
V0282,__TODO_WORD_0282__,__TODO_WORD_0282__,noun,,,,{},__TODO__,A1,"['todo', 'needs_frequency_fill']",Replace with real word from frequency list + add forms if needed.,
V0283,__TODO_WORD_0283__,__TODO_WORD_0283__,noun,,,,{},__TODO__,A1,"['todo', 'needs_frequency_fill']",Replace with real word from frequency list + add forms if needed.,
V0284,__TODO_WORD_0284__,__TODO_WORD_0284__,noun,,,,{},__TODO__,A1,"['todo', 'needs_frequency_fill']",Replace with real word from frequency list + add forms if needed.,
V0285,__TODO_WORD_0285__,__TODO_WORD_0285__,noun,,,,{},__TODO__,A1,"['todo', 'needs_frequency_fill']",Replace with real word from frequency list + add forms if needed.,
V0286,__TODO_WORD_0286__,__TODO_WORD_0286__,noun,,,,{},__TODO__,A1,"['todo', 'needs_frequency_fill']",Replace with real word from frequency list + add forms if needed.,
V0287,__TODO_WORD_0287__,__TODO_WORD_0287__,noun,,,,{},__TODO__,A1,"['todo', 'needs_frequency_fill']",Replace with real word from frequency list + add forms if needed.,
V0288,__TODO_WORD_0288__,__TODO_WORD_0288__,noun,,,,{},__TODO__,A1,"['todo', 'needs_frequency_fill']",Replace with real word from frequency list + add forms if needed.,
V0289,__TODO_WORD_0289__,__TODO_WORD_0289__,noun,,,,{},__TODO__,A1,"['todo', 'needs_frequency_fill']",Replace with real word from frequency list + add forms if needed.,
V0290,__TODO_WORD_0290__,__TODO_WORD_0290__,noun,,,,{},__TODO__,A1,"['todo', 'needs_frequency_fill']",Replace with real word from frequency list + add forms if needed.,
V0291,__TODO_WORD_0291__,__TODO_WORD_0291__,noun,,,,{},__TODO__,A1,"['todo', 'needs_frequency_fill']",Replace with real word from frequency list + add forms if needed.,
V0292,__TODO_WORD_0292__,__TODO_WORD_0292__,noun,,,,{},__TODO__,A1,"['todo', 'needs_frequency_fill']",Replace with real word from frequency list + add forms if needed.,
V0293,__TODO_WORD_0293__,__TODO_WORD_0293__,noun,,,,{},__TODO__,A1,"['todo', 'needs_frequency_fill']",Replace with real word from frequency list + add forms if needed.,
V0294,__TODO_WORD_0294__,__TODO_WORD_0294__,noun,,,,{},__TODO__,A1,"['todo', 'needs_frequency_fill']",Replace with real word from frequency list + add forms if needed.,
V0295,__TODO_WORD_0295__,__TODO_WORD_0295__,noun,,,,{},__TODO__,A1,"['todo', 'needs_frequency_fill']",Replace with real word from frequency list + add forms if needed.,
V0296,__TODO_WORD_0296__,__TODO_WORD_0296__,noun,,,,{},__TODO__,A1,"['todo', 'needs_frequency_fill']",Replace with real word from frequency list + add forms if needed.,
V0297,__TODO_WORD_0297__,__TODO_WORD_0297__,noun,,,,{},__TODO__,A1,"['todo', 'needs_frequency_fill']",Replace with real word from frequency list + add forms if needed.,
V0298,__TODO_WORD_0298__,__TODO_WORD_0298__,noun,,,,{},__TODO__,A1,"['todo', 'needs_frequency_fill']",Replace with real word from frequency list + add forms if needed.,
V0299,__TODO_WORD_0299__,__TODO_WORD_0299__,noun,,,,{},__TODO__,A1,"['todo', 'needs_frequency_fill']",Replace with real word from frequency list + add forms if needed.,
V0300,__TODO_WORD_0300__,__TODO_WORD_0300__,noun,,,,{},__TODO__,A1,"['todo', 'needs_frequency_fill']",Replace with real word from frequency list + add forms if needed.,
V0301,__TODO_WORD_0301__,__TODO_WORD_0301__,noun,,,,{},__TODO__,A1,"['todo', 'needs_frequency_fill']",Replace with real word from frequency list + add forms if needed.,
V0302,__TODO_WORD_0302__,__TODO_WORD_0302__,noun,,,,{},__TODO__,A1,"['todo', 'needs_frequency_fill']",Replace with real word from frequency list + add forms if needed.,
V0303,__TODO_WORD_0303__,__TODO_WORD_0303__,noun,,,,{},__TODO__,A1,"['todo', 'needs_frequency_fill']",Replace with real word from frequency list + add forms if needed.,
V0304,__TODO_WORD_0304__,__TODO_WORD_0304__,noun,,,,{},__TODO__,A1,"['todo', 'needs_frequency_fill']",Replace with real word from frequency list + add forms if needed.,
V0305,__TODO_WORD_0305__,__TODO_WORD_0305__,noun,,,,{},__TODO__,A1,"['todo', 'needs_frequency_fill']",Replace with real word from frequency list + add forms if needed.,
V0306,__TODO_WORD_0306__,__TODO_WORD_0306__,noun,,,,{},__TODO__,A1,"['todo', 'needs_frequency_fill']",Replace with real word from frequency list + add forms if needed.,
V0307,__TODO_WORD_0307__,__TODO_WORD_0307__,noun,,,,{},__TODO__,A1,"['todo', 'needs_frequency_fill']",Replace with real word from frequency list + add forms if needed.,
V0308,__TODO_WORD_0308__,__TODO_WORD_0308__,noun,,,,{},__TODO__,A1,"['todo', 'needs_frequency_fill']",Replace with real word from frequency list + add forms if needed.,
V0309,__TODO_WORD_0309__,__TODO_WORD_0309__,noun,,,,{},__TODO__,A1,"['todo', 'needs_frequency_fill']",Replace with real word from frequency list + add forms if needed.,
V0310,__TODO_WORD_0310__,__TODO_WORD_0310__,noun,,,,{},__TODO__,A1,"['todo', 'needs_frequency_fill']",Replace with real word from frequency list + add forms if needed.,
V0311,__TODO_WORD_0311__,__TODO_WORD_0311__,noun,,,,{},__TODO__,A1,"['todo', 'needs_frequency_fill']",Replace with real word from frequency list + add forms if needed.,
V0312,__TODO_WORD_0312__,__TODO_WORD_0312__,noun,,,,{},__TODO__,A1,"['todo', 'needs_frequency_fill']",Replace with real word from frequency list + add forms if needed.,
V0313,__TODO_WORD_0313__,__TODO_WORD_0313__,noun,,,,{},__TODO__,A1,"['todo', 'needs_frequency_fill']",Replace with real word from frequency list + add forms if needed.,
V0314,__TODO_WORD_0314__,__TODO_WORD_0314__,noun,,,,{},__TODO__,A1,"['todo', 'needs_frequency_fill']",Replace with real word from frequency list + add forms if needed.,
V0315,__TODO_WORD_0315__,__TODO_WORD_0315__,noun,,,,{},__TODO__,A1,"['todo', 'needs_frequency_fill']",Replace with real word from frequency list + add forms if needed.,
V0316,__TODO_WORD_0316__,__TODO_WORD_0316__,noun,,,,{},__TODO__,A1,"['todo', 'needs_frequency_fill']",Replace with real word from frequency list + add forms if needed.,
V0317,__TODO_WORD_0317__,__TODO_WORD_0317__,noun,,,,{},__TODO__,A1,"['todo', 'needs_frequency_fill']",Replace with real word from frequency list + add forms if needed.,
V0318,__TODO_WORD_0318__,__TODO_WORD_0318__,noun,,,,{},__TODO__,A1,"['todo', 'needs_frequency_fill']",Replace with real word from frequency list + add forms if needed.,
V0319,__TODO_WORD_0319__,__TODO_WORD_0319__,noun,,,,{},__TODO__,A1,"['todo', 'needs_frequency_fill']",Replace with real word from frequency list + add forms if needed.,
V0320,__TODO_WORD_0320__,__TODO_WORD_0320__,noun,,,,{},__TODO__,A1,"['todo', 'needs_frequency_fill']",Replace with real word from frequency list + add forms if needed.,
V0321,__TODO_WORD_0321__,__TODO_WORD_0321__,noun,,,,{},__TODO__,A1,"['todo', 'needs_frequency_fill']",Replace with real word from frequency list + add forms if needed.,
V0322,__TODO_WORD_0322__,__TODO_WORD_0322__,noun,,,,{},__TODO__,A1,"['todo', 'needs_frequency_fill']",Replace with real word from frequency list + add forms if needed.,
V0323,__TODO_WORD_0323__,__TODO_WORD_0323__,noun,,,,{},__TODO__,A1,"['todo', 'needs_frequency_fill']",Replace with real word from frequency list + add forms if needed.,
V0324,__TODO_WORD_0324__,__TODO_WORD_0324__,noun,,,,{},__TODO__,A1,"['todo', 'needs_frequency_fill']",Replace with real word from frequency list + add forms if needed.,
V0325,__TODO_WORD_0325__,__TODO_WORD_0325__,noun,,,,{},__TODO__,A1,"['todo', 'needs_frequency_fill']",Replace with real word from frequency list + add forms if needed.,
V0326,__TODO_WORD_0326__,__TODO_WORD_0326__,noun,,,,{},__TODO__,A1,"['todo', 'needs_frequency_fill']",Replace with real word from frequency list + add forms if needed.,
V0327,__TODO_WORD_0327__,__TODO_WORD_0327__,noun,,,,{},__TODO__,A1,"['todo', 'needs_frequency_fill']",Replace with real word from frequency list + add forms if needed.,
V0328,__TODO_WORD_0328__,__TODO_WORD_0328__,noun,,,,{},__TODO__,A1,"['todo', 'needs_frequency_fill']",Replace with real word from frequency list + add forms if needed.,
V0329,__TODO_WORD_0329__,__TODO_WORD_0329__,noun,,,,{},__TODO__,A1,"['todo', 'needs_frequency_fill']",Replace with real word from frequency list + add forms if needed.,
V0330,__TODO_WORD_0330__,__TODO_WORD_0330__,noun,,,,{},__TODO__,A1,"['todo', 'needs_frequency_fill']",Replace with real word from frequency list + add forms if needed.,
V0331,__TODO_WORD_0331__,__TODO_WORD_0331__,noun,,,,{},__TODO__,A1,"['todo', 'needs_frequency_fill']",Replace with real word from frequency list + add forms if needed.,
V0332,__TODO_WORD_0332__,__TODO_WORD_0332__,noun,,,,{},__TODO__,A1,"['todo', 'needs_frequency_fill']",Replace with real word from frequency list + add forms if needed.,
V0333,__TODO_WORD_0333__,__TODO_WORD_0333__,noun,,,,{},__TODO__,A1,"['todo', 'needs_frequency_fill']",Replace with real word from frequency list + add forms if needed.,
V0334,__TODO_WORD_0334__,__TODO_WORD_0334__,noun,,,,{},__TODO__,A1,"['todo', 'needs_frequency_fill']",Replace with real word from frequency list + add forms if needed.,
V0335,__TODO_WORD_0335__,__TODO_WORD_0335__,noun,,,,{},__TODO__,A1,"['todo', 'needs_frequency_fill']",Replace with real word from frequency list + add forms if needed.,
V0336,__TODO_WORD_0336__,__TODO_WORD_0336__,noun,,,,{},__TODO__,A1,"['todo', 'needs_frequency_fill']",Replace with real word from frequency list + add forms if needed.,
V0337,__TODO_WORD_0337__,__TODO_WORD_0337__,noun,,,,{},__TODO__,A1,"['todo', 'needs_frequency_fill']",Replace with real word from frequency list + add forms if needed.,
V0338,__TODO_WORD_0338__,__TODO_WORD_0338__,noun,,,,{},__TODO__,A1,"['todo', 'needs_frequency_fill']",Replace with real word from frequency list + add forms if needed.,
V0339,__TODO_WORD_0339__,__TODO_WORD_0339__,noun,,,,{},__TODO__,A1,"['todo', 'needs_frequency_fill']",Replace with real word from frequency list + add forms if needed.,
V0340,__TODO_WORD_0340__,__TODO_WORD_0340__,noun,,,,{},__TODO__,A1,"['todo', 'needs_frequency_fill']",Replace with real word from frequency list + add forms if needed.,
V0341,__TODO_WORD_0341__,__TODO_WORD_0341__,noun,,,,{},__TODO__,A1,"['todo', 'needs_frequency_fill']",Replace with real word from frequency list + add forms if needed.,
V0342,__TODO_WORD_0342__,__TODO_WORD_0342__,noun,,,,{},__TODO__,A1,"['todo', 'needs_frequency_fill']",Replace with real word from frequency list + add forms if needed.,
V0343,__TODO_WORD_0343__,__TODO_WORD_0343__,noun,,,,{},__TODO__,A1,"['todo', 'needs_frequency_fill']",Replace with real word from frequency list + add forms if needed.,
V0344,__TODO_WORD_0344__,__TODO_WORD_0344__,noun,,,,{},__TODO__,A1,"['todo', 'needs_frequency_fill']",Replace with real word from frequency list + add forms if needed.,
V0345,__TODO_WORD_0345__,__TODO_WORD_0345__,noun,,,,{},__TODO__,A1,"['todo', 'needs_frequency_fill']",Replace with real word from frequency list + add forms if needed.,
V0346,__TODO_WORD_0346__,__TODO_WORD_0346__,noun,,,,{},__TODO__,A1,"['todo', 'needs_frequency_fill']",Replace with real word from frequency list + add forms if needed.,
V0347,__TODO_WORD_0347__,__TODO_WORD_0347__,noun,,,,{},__TODO__,A1,"['todo', 'needs_frequency_fill']",Replace with real word from frequency list + add forms if needed.,
V0348,__TODO_WORD_0348__,__TODO_WORD_0348__,noun,,,,{},__TODO__,A1,"['todo', 'needs_frequency_fill']",Replace with real word from frequency list + add forms if needed.,
V0349,__TODO_WORD_0349__,__TODO_WORD_0349__,noun,,,,{},__TODO__,A1,"['todo', 'needs_frequency_fill']",Replace with real word from frequency list + add forms if needed.,
V0350,__TODO_WORD_0350__,__TODO_WORD_0350__,noun,,,,{},__TODO__,A1,"['todo', 'needs_frequency_fill']",Replace with real word from frequency list + add forms if needed.,
V0351,__TODO_WORD_0351__,__TODO_WORD_0351__,noun,,,,{},__TODO__,A1,"['todo', 'needs_frequency_fill']",Replace with real word from frequency list + add forms if needed.,
V0352,__TODO_WORD_0352__,__TODO_WORD_0352__,noun,,,,{},__TODO__,A1,"['todo', 'needs_frequency_fill']",Replace with real word from frequency list + add forms if needed.,
V0353,__TODO_WORD_0353__,__TODO_WORD_0353__,noun,,,,{},__TODO__,A1,"['todo', 'needs_frequency_fill']",Replace with real word from frequency list + add forms if needed.,
V0354,__TODO_WORD_0354__,__TODO_WORD_0354__,noun,,,,{},__TODO__,A1,"['todo', 'needs_frequency_fill']",Replace with real word from frequency list + add forms if needed.,
V0355,__TODO_WORD_0355__,__TODO_WORD_0355__,noun,,,,{},__TODO__,A1,"['todo', 'needs_frequency_fill']",Replace with real word from frequency list + add forms if needed.,
V0356,__TODO_WORD_0356__,__TODO_WORD_0356__,noun,,,,{},__TODO__,A1,"['todo', 'needs_frequency_fill']",Replace with real word from frequency list + add forms if needed.,
V0357,__TODO_WORD_0357__,__TODO_WORD_0357__,noun,,,,{},__TODO__,A1,"['todo', 'needs_frequency_fill']",Replace with real word from frequency list + add forms if needed.,
V0358,__TODO_WORD_0358__,__TODO_WORD_0358__,noun,,,,{},__TODO__,A1,"['todo', 'needs_frequency_fill']",Replace with real word from frequency list + add forms if needed.,
V0359,__TODO_WORD_0359__,__TODO_WORD_0359__,noun,,,,{},__TODO__,A1,"['todo', 'needs_frequency_fill']",Replace with real word from frequency list + add forms if needed.,
V0360,__TODO_WORD_0360__,__TODO_WORD_0360__,noun,,,,{},__TODO__,A1,"['todo', 'needs_frequency_fill']",Replace with real word from frequency list + add forms if needed.,
V0361,__TODO_WORD_0361__,__TODO_WORD_0361__,noun,,,,{},__TODO__,A1,"['todo', 'needs_frequency_fill']",Replace with real word from frequency list + add forms if needed.,
V0362,__TODO_WORD_0362__,__TODO_WORD_0362__,noun,,,,{},__TODO__,A1,"['todo', 'needs_frequency_fill']",Replace with real word from frequency list + add forms if needed.,
V0363,__TODO_WORD_0363__,__TODO_WORD_0363__,noun,,,,{},__TODO__,A1,"['todo', 'needs_frequency_fill']",Replace with real word from frequency list + add forms if needed.,
V0364,__TODO_WORD_0364__,__TODO_WORD_0364__,noun,,,,{},__TODO__,A1,"['todo', 'needs_frequency_fill']",Replace with real word from frequency list + add forms if needed.,
V0365,__TODO_WORD_0365__,__TODO_WORD_0365__,noun,,,,{},__TODO__,A1,"['todo', 'needs_frequency_fill']",Replace with real word from frequency list + add forms if needed.,
V0366,__TODO_WORD_0366__,__TODO_WORD_0366__,noun,,,,{},__TODO__,A1,"['todo', 'needs_frequency_fill']",Replace with real word from frequency list + add forms if needed.,
V0367,__TODO_WORD_0367__,__TODO_WORD_0367__,noun,,,,{},__TODO__,A1,"['todo', 'needs_frequency_fill']",Replace with real word from frequency list + add forms if needed.,
V0368,__TODO_WORD_0368__,__TODO_WORD_0368__,noun,,,,{},__TODO__,A1,"['todo', 'needs_frequency_fill']",Replace with real word from frequency list + add forms if needed.,
V0369,__TODO_WORD_0369__,__TODO_WORD_0369__,noun,,,,{},__TODO__,A1,"['todo', 'needs_frequency_fill']",Replace with real word from frequency list + add forms if needed.,
V0370,__TODO_WORD_0370__,__TODO_WORD_0370__,noun,,,,{},__TODO__,A1,"['todo', 'needs_frequency_fill']",Replace with real word from frequency list + add forms if needed.,
V0371,__TODO_WORD_0371__,__TODO_WORD_0371__,noun,,,,{},__TODO__,A1,"['todo', 'needs_frequency_fill']",Replace with real word from frequency list + add forms if needed.,
V0372,__TODO_WORD_0372__,__TODO_WORD_0372__,noun,,,,{},__TODO__,A1,"['todo', 'needs_frequency_fill']",Replace with real word from frequency list + add forms if needed.,
V0373,__TODO_WORD_0373__,__TODO_WORD_0373__,noun,,,,{},__TODO__,A1,"['todo', 'needs_frequency_fill']",Replace with real word from frequency list + add forms if needed.,
V0374,__TODO_WORD_0374__,__TODO_WORD_0374__,noun,,,,{},__TODO__,A1,"['todo', 'needs_frequency_fill']",Replace with real word from frequency list + add forms if needed.,
V0375,__TODO_WORD_0375__,__TODO_WORD_0375__,noun,,,,{},__TODO__,A1,"['todo', 'needs_frequency_fill']",Replace with real word from frequency list + add forms if needed.,
V0376,__TODO_WORD_0376__,__TODO_WORD_0376__,noun,,,,{},__TODO__,A1,"['todo', 'needs_frequency_fill']",Replace with real word from frequency list + add forms if needed.,
V0377,__TODO_WORD_0377__,__TODO_WORD_0377__,noun,,,,{},__TODO__,A1,"['todo', 'needs_frequency_fill']",Replace with real word from frequency list + add forms if needed.,
V0378,__TODO_WORD_0378__,__TODO_WORD_0378__,noun,,,,{},__TODO__,A1,"['todo', 'needs_frequency_fill']",Replace with real word from frequency list + add forms if needed.,
V0379,__TODO_WORD_0379__,__TODO_WORD_0379__,noun,,,,{},__TODO__,A1,"['todo', 'needs_frequency_fill']",Replace with real word from frequency list + add forms if needed.,
V0380,__TODO_WORD_0380__,__TODO_WORD_0380__,noun,,,,{},__TODO__,A1,"['todo', 'needs_frequency_fill']",Replace with real word from frequency list + add forms if needed.,
V0381,__TODO_WORD_0381__,__TODO_WORD_0381__,noun,,,,{},__TODO__,A1,"['todo', 'needs_frequency_fill']",Replace with real word from frequency list + add forms if needed.,
V0382,__TODO_WORD_0382__,__TODO_WORD_0382__,noun,,,,{},__TODO__,A1,"['todo', 'needs_frequency_fill']",Replace with real word from frequency list + add forms if needed.,
V0383,__TODO_WORD_0383__,__TODO_WORD_0383__,noun,,,,{},__TODO__,A1,"['todo', 'needs_frequency_fill']",Replace with real word from frequency list + add forms if needed.,
V0384,__TODO_WORD_0384__,__TODO_WORD_0384__,noun,,,,{},__TODO__,A1,"['todo', 'needs_frequency_fill']",Replace with real word from frequency list + add forms if needed.,
V0385,__TODO_WORD_0385__,__TODO_WORD_0385__,noun,,,,{},__TODO__,A1,"['todo', 'needs_frequency_fill']",Replace with real word from frequency list + add forms if needed.,
V0386,__TODO_WORD_0386__,__TODO_WORD_0386__,noun,,,,{},__TODO__,A1,"['todo', 'needs_frequency_fill']",Replace with real word from frequency list + add forms if needed.,
V0387,__TODO_WORD_0387__,__TODO_WORD_0387__,noun,,,,{},__TODO__,A1,"['todo', 'needs_frequency_fill']",Replace with real word from frequency list + add forms if needed.,
V0388,__TODO_WORD_0388__,__TODO_WORD_0388__,noun,,,,{},__TODO__,A1,"['todo', 'needs_frequency_fill']",Replace with real word from frequency list + add forms if needed.,
V0389,__TODO_WORD_0389__,__TODO_WORD_0389__,noun,,,,{},__TODO__,A1,"['todo', 'needs_frequency_fill']",Replace with real word from frequency list + add forms if needed.,
V0390,__TODO_WORD_0390__,__TODO_WORD_0390__,noun,,,,{},__TODO__,A1,"['todo', 'needs_frequency_fill']",Replace with real word from frequency list + add forms if needed.,
V0391,__TODO_WORD_0391__,__TODO_WORD_0391__,noun,,,,{},__TODO__,A1,"['todo', 'needs_frequency_fill']",Replace with real word from frequency list + add forms if needed.,
V0392,__TODO_WORD_0392__,__TODO_WORD_0392__,noun,,,,{},__TODO__,A1,"['todo', 'needs_frequency_fill']",Replace with real word from frequency list + add forms if needed.,
V0393,__TODO_WORD_0393__,__TODO_WORD_0393__,noun,,,,{},__TODO__,A1,"['todo', 'needs_frequency_fill']",Replace with real word from frequency list + add forms if needed.,
V0394,__TODO_WORD_0394__,__TODO_WORD_0394__,noun,,,,{},__TODO__,A1,"['todo', 'needs_frequency_fill']",Replace with real word from frequency list + add forms if needed.,
V0395,__TODO_WORD_0395__,__TODO_WORD_0395__,noun,,,,{},__TODO__,A1,"['todo', 'needs_frequency_fill']",Replace with real word from frequency list + add forms if needed.,
V0396,__TODO_WORD_0396__,__TODO_WORD_0396__,noun,,,,{},__TODO__,A1,"['todo', 'needs_frequency_fill']",Replace with real word from frequency list + add forms if needed.,
V0397,__TODO_WORD_0397__,__TODO_WORD_0397__,noun,,,,{},__TODO__,A1,"['todo', 'needs_frequency_fill']",Replace with real word from frequency list + add forms if needed.,
V0398,__TODO_WORD_0398__,__TODO_WORD_0398__,noun,,,,{},__TODO__,A1,"['todo', 'needs_frequency_fill']",Replace with real word from frequency list + add forms if needed.,
V0399,__TODO_WORD_0399__,__TODO_WORD_0399__,noun,,,,{},__TODO__,A1,"['todo', 'needs_frequency_fill']",Replace with real word from frequency list + add forms if needed.,
V0400,__TODO_WORD_0400__,__TODO_WORD_0400__,noun,,,,{},__TODO__,A1,"['todo', 'needs_frequency_fill']",Replace with real word from frequency list + add forms if needed.,
V0401,__TODO_WORD_0401__,__TODO_WORD_0401__,noun,,,,{},__TODO__,A1,"['todo', 'needs_frequency_fill']",Replace with real word from frequency list + add forms if needed.,
V0402,__TODO_WORD_0402__,__TODO_WORD_0402__,noun,,,,{},__TODO__,A1,"['todo', 'needs_frequency_fill']",Replace with real word from frequency list + add forms if needed.,
V0403,__TODO_WORD_0403__,__TODO_WORD_0403__,noun,,,,{},__TODO__,A1,"['todo', 'needs_frequency_fill']",Replace with real word from frequency list + add forms if needed.,
V0404,__TODO_WORD_0404__,__TODO_WORD_0404__,noun,,,,{},__TODO__,A1,"['todo', 'needs_frequency_fill']",Replace with real word from frequency list + add forms if needed.,
V0405,__TODO_WORD_0405__,__TODO_WORD_0405__,noun,,,,{},__TODO__,A1,"['todo', 'needs_frequency_fill']",Replace with real word from frequency list + add forms if needed.,
V0406,__TODO_WORD_0406__,__TODO_WORD_0406__,noun,,,,{},__TODO__,A1,"['todo', 'needs_frequency_fill']",Replace with real word from frequency list + add forms if needed.,
V0407,__TODO_WORD_0407__,__TODO_WORD_0407__,noun,,,,{},__TODO__,A1,"['todo', 'needs_frequency_fill']",Replace with real word from frequency list + add forms if needed.,
V0408,__TODO_WORD_0408__,__TODO_WORD_0408__,noun,,,,{},__TODO__,A1,"['todo', 'needs_frequency_fill']",Replace with real word from frequency list + add forms if needed.,
V0409,__TODO_WORD_0409__,__TODO_WORD_0409__,noun,,,,{},__TODO__,A1,"['todo', 'needs_frequency_fill']",Replace with real word from frequency list + add forms if needed.,
V0410,__TODO_WORD_0410__,__TODO_WORD_0410__,noun,,,,{},__TODO__,A1,"['todo', 'needs_frequency_fill']",Replace with real word from frequency list + add forms if needed.,
V0411,__TODO_WORD_0411__,__TODO_WORD_0411__,noun,,,,{},__TODO__,A1,"['todo', 'needs_frequency_fill']",Replace with real word from frequency list + add forms if needed.,
V0412,__TODO_WORD_0412__,__TODO_WORD_0412__,noun,,,,{},__TODO__,A1,"['todo', 'needs_frequency_fill']",Replace with real word from frequency list + add forms if needed.,
V0413,__TODO_WORD_0413__,__TODO_WORD_0413__,noun,,,,{},__TODO__,A1,"['todo', 'needs_frequency_fill']",Replace with real word from frequency list + add forms if needed.,
V0414,__TODO_WORD_0414__,__TODO_WORD_0414__,noun,,,,{},__TODO__,A1,"['todo', 'needs_frequency_fill']",Replace with real word from frequency list + add forms if needed.,
V0415,__TODO_WORD_0415__,__TODO_WORD_0415__,noun,,,,{},__TODO__,A1,"['todo', 'needs_frequency_fill']",Replace with real word from frequency list + add forms if needed.,
V0416,__TODO_WORD_0416__,__TODO_WORD_0416__,noun,,,,{},__TODO__,A1,"['todo', 'needs_frequency_fill']",Replace with real word from frequency list + add forms if needed.,
V0417,__TODO_WORD_0417__,__TODO_WORD_0417__,noun,,,,{},__TODO__,A1,"['todo', 'needs_frequency_fill']",Replace with real word from frequency list + add forms if needed.,
V0418,__TODO_WORD_0418__,__TODO_WORD_0418__,noun,,,,{},__TODO__,A1,"['todo', 'needs_frequency_fill']",Replace with real word from frequency list + add forms if needed.,
V0419,__TODO_WORD_0419__,__TODO_WORD_0419__,noun,,,,{},__TODO__,A1,"['todo', 'needs_frequency_fill']",Replace with real word from frequency list + add forms if needed.,
V0420,__TODO_WORD_0420__,__TODO_WORD_0420__,noun,,,,{},__TODO__,A1,"['todo', 'needs_frequency_fill']",Replace with real word from frequency list + add forms if needed.,
V0421,__TODO_WORD_0421__,__TODO_WORD_0421__,noun,,,,{},__TODO__,A1,"['todo', 'needs_frequency_fill']",Replace with real word from frequency list + add forms if needed.,
V0422,__TODO_WORD_0422__,__TODO_WORD_0422__,noun,,,,{},__TODO__,A1,"['todo', 'needs_frequency_fill']",Replace with real word from frequency list + add forms if needed.,
V0423,__TODO_WORD_0423__,__TODO_WORD_0423__,noun,,,,{},__TODO__,A1,"['todo', 'needs_frequency_fill']",Replace with real word from frequency list + add forms if needed.,
V0424,__TODO_WORD_0424__,__TODO_WORD_0424__,noun,,,,{},__TODO__,A1,"['todo', 'needs_frequency_fill']",Replace with real word from frequency list + add forms if needed.,
V0425,__TODO_WORD_0425__,__TODO_WORD_0425__,noun,,,,{},__TODO__,A1,"['todo', 'needs_frequency_fill']",Replace with real word from frequency list + add forms if needed.,
V0426,__TODO_WORD_0426__,__TODO_WORD_0426__,noun,,,,{},__TODO__,A1,"['todo', 'needs_frequency_fill']",Replace with real word from frequency list + add forms if needed.,
V0427,__TODO_WORD_0427__,__TODO_WORD_0427__,noun,,,,{},__TODO__,A1,"['todo', 'needs_frequency_fill']",Replace with real word from frequency list + add forms if needed.,
V0428,__TODO_WORD_0428__,__TODO_WORD_0428__,noun,,,,{},__TODO__,A1,"['todo', 'needs_frequency_fill']",Replace with real word from frequency list + add forms if needed.,
V0429,__TODO_WORD_0429__,__TODO_WORD_0429__,noun,,,,{},__TODO__,A1,"['todo', 'needs_frequency_fill']",Replace with real word from frequency list + add forms if needed.,
V0430,__TODO_WORD_0430__,__TODO_WORD_0430__,noun,,,,{},__TODO__,A1,"['todo', 'needs_frequency_fill']",Replace with real word from frequency list + add forms if needed.,
V0431,__TODO_WORD_0431__,__TODO_WORD_0431__,noun,,,,{},__TODO__,A1,"['todo', 'needs_frequency_fill']",Replace with real word from frequency list + add forms if needed.,
V0432,__TODO_WORD_0432__,__TODO_WORD_0432__,noun,,,,{},__TODO__,A1,"['todo', 'needs_frequency_fill']",Replace with real word from frequency list + add forms if needed.,
V0433,__TODO_WORD_0433__,__TODO_WORD_0433__,noun,,,,{},__TODO__,A1,"['todo', 'needs_frequency_fill']",Replace with real word from frequency list + add forms if needed.,
V0434,__TODO_WORD_0434__,__TODO_WORD_0434__,noun,,,,{},__TODO__,A1,"['todo', 'needs_frequency_fill']",Replace with real word from frequency list + add forms if needed.,
V0435,__TODO_WORD_0435__,__TODO_WORD_0435__,noun,,,,{},__TODO__,A1,"['todo', 'needs_frequency_fill']",Replace with real word from frequency list + add forms if needed.,
V0436,__TODO_WORD_0436__,__TODO_WORD_0436__,noun,,,,{},__TODO__,A1,"['todo', 'needs_frequency_fill']",Replace with real word from frequency list + add forms if needed.,
V0437,__TODO_WORD_0437__,__TODO_WORD_0437__,noun,,,,{},__TODO__,A1,"['todo', 'needs_frequency_fill']",Replace with real word from frequency list + add forms if needed.,
V0438,__TODO_WORD_0438__,__TODO_WORD_0438__,noun,,,,{},__TODO__,A1,"['todo', 'needs_frequency_fill']",Replace with real word from frequency list + add forms if needed.,
V0439,__TODO_WORD_0439__,__TODO_WORD_0439__,noun,,,,{},__TODO__,A1,"['todo', 'needs_frequency_fill']",Replace with real word from frequency list + add forms if needed.,
V0440,__TODO_WORD_0440__,__TODO_WORD_0440__,noun,,,,{},__TODO__,A1,"['todo', 'needs_frequency_fill']",Replace with real word from frequency list + add forms if needed.,
V0441,__TODO_WORD_0441__,__TODO_WORD_0441__,noun,,,,{},__TODO__,A1,"['todo', 'needs_frequency_fill']",Replace with real word from frequency list + add forms if needed.,
V0442,__TODO_WORD_0442__,__TODO_WORD_0442__,noun,,,,{},__TODO__,A1,"['todo', 'needs_frequency_fill']",Replace with real word from frequency list + add forms if needed.,
V0443,__TODO_WORD_0443__,__TODO_WORD_0443__,noun,,,,{},__TODO__,A1,"['todo', 'needs_frequency_fill']",Replace with real word from frequency list + add forms if needed.,
V0444,__TODO_WORD_0444__,__TODO_WORD_0444__,noun,,,,{},__TODO__,A1,"['todo', 'needs_frequency_fill']",Replace with real word from frequency list + add forms if needed.,
V0445,__TODO_WORD_0445__,__TODO_WORD_0445__,noun,,,,{},__TODO__,A1,"['todo', 'needs_frequency_fill']",Replace with real word from frequency list + add forms if needed.,
V0446,__TODO_WORD_0446__,__TODO_WORD_0446__,noun,,,,{},__TODO__,A1,"['todo', 'needs_frequency_fill']",Replace with real word from frequency list + add forms if needed.,
V0447,__TODO_WORD_0447__,__TODO_WORD_0447__,noun,,,,{},__TODO__,A1,"['todo', 'needs_frequency_fill']",Replace with real word from frequency list + add forms if needed.,
V0448,__TODO_WORD_0448__,__TODO_WORD_0448__,noun,,,,{},__TODO__,A1,"['todo', 'needs_frequency_fill']",Replace with real word from frequency list + add forms if needed.,
V0449,__TODO_WORD_0449__,__TODO_WORD_0449__,noun,,,,{},__TODO__,A1,"['todo', 'needs_frequency_fill']",Replace with real word from frequency list + add forms if needed.,
V0450,__TODO_WORD_0450__,__TODO_WORD_0450__,noun,,,,{},__TODO__,A1,"['todo', 'needs_frequency_fill']",Replace with real word from frequency list + add forms if needed.,
V0451,__TODO_WORD_0451__,__TODO_WORD_0451__,noun,,,,{},__TODO__,A1,"['todo', 'needs_frequency_fill']",Replace with real word from frequency list + add forms if needed.,
V0452,__TODO_WORD_0452__,__TODO_WORD_0452__,noun,,,,{},__TODO__,A1,"['todo', 'needs_frequency_fill']",Replace with real word from frequency list + add forms if needed.,
V0453,__TODO_WORD_0453__,__TODO_WORD_0453__,noun,,,,{},__TODO__,A1,"['todo', 'needs_frequency_fill']",Replace with real word from frequency list + add forms if needed.,
V0454,__TODO_WORD_0454__,__TODO_WORD_0454__,noun,,,,{},__TODO__,A1,"['todo', 'needs_frequency_fill']",Replace with real word from frequency list + add forms if needed.,
V0455,__TODO_WORD_0455__,__TODO_WORD_0455__,noun,,,,{},__TODO__,A1,"['todo', 'needs_frequency_fill']",Replace with real word from frequency list + add forms if needed.,
V0456,__TODO_WORD_0456__,__TODO_WORD_0456__,noun,,,,{},__TODO__,A1,"['todo', 'needs_frequency_fill']",Replace with real word from frequency list + add forms if needed.,
V0457,__TODO_WORD_0457__,__TODO_WORD_0457__,noun,,,,{},__TODO__,A1,"['todo', 'needs_frequency_fill']",Replace with real word from frequency list + add forms if needed.,
V0458,__TODO_WORD_0458__,__TODO_WORD_0458__,noun,,,,{},__TODO__,A1,"['todo', 'needs_frequency_fill']",Replace with real word from frequency list + add forms if needed.,
V0459,__TODO_WORD_0459__,__TODO_WORD_0459__,noun,,,,{},__TODO__,A1,"['todo', 'needs_frequency_fill']",Replace with real word from frequency list + add forms if needed.,
V0460,__TODO_WORD_0460__,__TODO_WORD_0460__,noun,,,,{},__TODO__,A1,"['todo', 'needs_frequency_fill']",Replace with real word from frequency list + add forms if needed.,
V0461,__TODO_WORD_0461__,__TODO_WORD_0461__,noun,,,,{},__TODO__,A1,"['todo', 'needs_frequency_fill']",Replace with real word from frequency list + add forms if needed.,
V0462,__TODO_WORD_0462__,__TODO_WORD_0462__,noun,,,,{},__TODO__,A1,"['todo', 'needs_frequency_fill']",Replace with real word from frequency list + add forms if needed.,
V0463,__TODO_WORD_0463__,__TODO_WORD_0463__,noun,,,,{},__TODO__,A1,"['todo', 'needs_frequency_fill']",Replace with real word from frequency list + add forms if needed.,
V0464,__TODO_WORD_0464__,__TODO_WORD_0464__,noun,,,,{},__TODO__,A1,"['todo', 'needs_frequency_fill']",Replace with real word from frequency list + add forms if needed.,
V0465,__TODO_WORD_0465__,__TODO_WORD_0465__,noun,,,,{},__TODO__,A1,"['todo', 'needs_frequency_fill']",Replace with real word from frequency list + add forms if needed.,
V0466,__TODO_WORD_0466__,__TODO_WORD_0466__,noun,,,,{},__TODO__,A1,"['todo', 'needs_frequency_fill']",Replace with real word from frequency list + add forms if needed.,
V0467,__TODO_WORD_0467__,__TODO_WORD_0467__,noun,,,,{},__TODO__,A1,"['todo', 'needs_frequency_fill']",Replace with real word from frequency list + add forms if needed.,
V0468,__TODO_WORD_0468__,__TODO_WORD_0468__,noun,,,,{},__TODO__,A1,"['todo', 'needs_frequency_fill']",Replace with real word from frequency list + add forms if needed.,
V0469,__TODO_WORD_0469__,__TODO_WORD_0469__,noun,,,,{},__TODO__,A1,"['todo', 'needs_frequency_fill']",Replace with real word from frequency list + add forms if needed.,
V0470,__TODO_WORD_0470__,__TODO_WORD_0470__,noun,,,,{},__TODO__,A1,"['todo', 'needs_frequency_fill']",Replace with real word from frequency list + add forms if needed.,
V0471,__TODO_WORD_0471__,__TODO_WORD_0471__,noun,,,,{},__TODO__,A1,"['todo', 'needs_frequency_fill']",Replace with real word from frequency list + add forms if needed.,
V0472,__TODO_WORD_0472__,__TODO_WORD_0472__,noun,,,,{},__TODO__,A1,"['todo', 'needs_frequency_fill']",Replace with real word from frequency list + add forms if needed.,
V0473,__TODO_WORD_0473__,__TODO_WORD_0473__,noun,,,,{},__TODO__,A1,"['todo', 'needs_frequency_fill']",Replace with real word from frequency list + add forms if needed.,
V0474,__TODO_WORD_0474__,__TODO_WORD_0474__,noun,,,,{},__TODO__,A1,"['todo', 'needs_frequency_fill']",Replace with real word from frequency list + add forms if needed.,
V0475,__TODO_WORD_0475__,__TODO_WORD_0475__,noun,,,,{},__TODO__,A1,"['todo', 'needs_frequency_fill']",Replace with real word from frequency list + add forms if needed.,
V0476,__TODO_WORD_0476__,__TODO_WORD_0476__,noun,,,,{},__TODO__,A1,"['todo', 'needs_frequency_fill']",Replace with real word from frequency list + add forms if needed.,
V0477,__TODO_WORD_0477__,__TODO_WORD_0477__,noun,,,,{},__TODO__,A1,"['todo', 'needs_frequency_fill']",Replace with real word from frequency list + add forms if needed.,
V0478,__TODO_WORD_0478__,__TODO_WORD_0478__,noun,,,,{},__TODO__,A1,"['todo', 'needs_frequency_fill']",Replace with real word from frequency list + add forms if needed.,
V0479,__TODO_WORD_0479__,__TODO_WORD_0479__,noun,,,,{},__TODO__,A1,"['todo', 'needs_frequency_fill']",Replace with real word from frequency list + add forms if needed.,
V0480,__TODO_WORD_0480__,__TODO_WORD_0480__,noun,,,,{},__TODO__,A1,"['todo', 'needs_frequency_fill']",Replace with real word from frequency list + add forms if needed.,
V0481,__TODO_WORD_0481__,__TODO_WORD_0481__,noun,,,,{},__TODO__,A1,"['todo', 'needs_frequency_fill']",Replace with real word from frequency list + add forms if needed.,
V0482,__TODO_WORD_0482__,__TODO_WORD_0482__,noun,,,,{},__TODO__,A1,"['todo', 'needs_frequency_fill']",Replace with real word from frequency list + add forms if needed.,
V0483,__TODO_WORD_0483__,__TODO_WORD_0483__,noun,,,,{},__TODO__,A1,"['todo', 'needs_frequency_fill']",Replace with real word from frequency list + add forms if needed.,
V0484,__TODO_WORD_0484__,__TODO_WORD_0484__,noun,,,,{},__TODO__,A1,"['todo', 'needs_frequency_fill']",Replace with real word from frequency list + add forms if needed.,
V0485,__TODO_WORD_0485__,__TODO_WORD_0485__,noun,,,,{},__TODO__,A1,"['todo', 'needs_frequency_fill']",Replace with real word from frequency list + add forms if needed.,
V0486,__TODO_WORD_0486__,__TODO_WORD_0486__,noun,,,,{},__TODO__,A1,"['todo', 'needs_frequency_fill']",Replace with real word from frequency list + add forms if needed.,
V0487,__TODO_WORD_0487__,__TODO_WORD_0487__,noun,,,,{},__TODO__,A1,"['todo', 'needs_frequency_fill']",Replace with real word from frequency list + add forms if needed.,
V0488,__TODO_WORD_0488__,__TODO_WORD_0488__,noun,,,,{},__TODO__,A1,"['todo', 'needs_frequency_fill']",Replace with real word from frequency list + add forms if needed.,
V0489,__TODO_WORD_0489__,__TODO_WORD_0489__,noun,,,,{},__TODO__,A1,"['todo', 'needs_frequency_fill']",Replace with real word from frequency list + add forms if needed.,
V0490,__TODO_WORD_0490__,__TODO_WORD_0490__,noun,,,,{},__TODO__,A1,"['todo', 'needs_frequency_fill']",Replace with real word from frequency list + add forms if needed.,
V0491,__TODO_WORD_0491__,__TODO_WORD_0491__,noun,,,,{},__TODO__,A1,"['todo', 'needs_frequency_fill']",Replace with real word from frequency list + add forms if needed.,
V0492,__TODO_WORD_0492__,__TODO_WORD_0492__,noun,,,,{},__TODO__,A1,"['todo', 'needs_frequency_fill']",Replace with real word from frequency list + add forms if needed.,
V0493,__TODO_WORD_0493__,__TODO_WORD_0493__,noun,,,,{},__TODO__,A1,"['todo', 'needs_frequency_fill']",Replace with real word from frequency list + add forms if needed.,
V0494,__TODO_WORD_0494__,__TODO_WORD_0494__,noun,,,,{},__TODO__,A1,"['todo', 'needs_frequency_fill']",Replace with real word from frequency list + add forms if needed.,
V0495,__TODO_WORD_0495__,__TODO_WORD_0495__,noun,,,,{},__TODO__,A1,"['todo', 'needs_frequency_fill']",Replace with real word from frequency list + add forms if needed.,
V0496,__TODO_WORD_0496__,__TODO_WORD_0496__,noun,,,,{},__TODO__,A1,"['todo', 'needs_frequency_fill']",Replace with real word from frequency list + add forms if needed.,
V0497,__TODO_WORD_0497__,__TODO_WORD_0497__,noun,,,,{},__TODO__,A1,"['todo', 'needs_frequency_fill']",Replace with real word from frequency list + add forms if needed.,
V0498,__TODO_WORD_0498__,__TODO_WORD_0498__,noun,,,,{},__TODO__,A1,"['todo', 'needs_frequency_fill']",Replace with real word from frequency list + add forms if needed.,
V0499,__TODO_WORD_0499__,__TODO_WORD_0499__,noun,,,,{},__TODO__,A1,"['todo', 'needs_frequency_fill']",Replace with real word from frequency list + add forms if needed.,
V0500,__TODO_WORD_0500__,__TODO_WORD_0500__,noun,,,,{},__TODO__,A1,"['todo', 'needs_frequency_fill']",Replace with real word from frequency list + add forms if needed.,
V0501,__TODO_WORD_0501__,__TODO_WORD_0501__,noun,,,,{},__TODO__,A1,"['todo', 'needs_frequency_fill']",Replace with real word from frequency list + add forms if needed.,
V0502,__TODO_WORD_0502__,__TODO_WORD_0502__,noun,,,,{},__TODO__,A1,"['todo', 'needs_frequency_fill']",Replace with real word from frequency list + add forms if needed.,
V0503,__TODO_WORD_0503__,__TODO_WORD_0503__,noun,,,,{},__TODO__,A1,"['todo', 'needs_frequency_fill']",Replace with real word from frequency list + add forms if needed.,
V0504,__TODO_WORD_0504__,__TODO_WORD_0504__,noun,,,,{},__TODO__,A1,"['todo', 'needs_frequency_fill']",Replace with real word from frequency list + add forms if needed.,
V0505,__TODO_WORD_0505__,__TODO_WORD_0505__,noun,,,,{},__TODO__,A1,"['todo', 'needs_frequency_fill']",Replace with real word from frequency list + add forms if needed.,
V0506,__TODO_WORD_0506__,__TODO_WORD_0506__,noun,,,,{},__TODO__,A1,"['todo', 'needs_frequency_fill']",Replace with real word from frequency list + add forms if needed.,
V0507,__TODO_WORD_0507__,__TODO_WORD_0507__,noun,,,,{},__TODO__,A1,"['todo', 'needs_frequency_fill']",Replace with real word from frequency list + add forms if needed.,
V0508,__TODO_WORD_0508__,__TODO_WORD_0508__,noun,,,,{},__TODO__,A1,"['todo', 'needs_frequency_fill']",Replace with real word from frequency list + add forms if needed.,
V0509,__TODO_WORD_0509__,__TODO_WORD_0509__,noun,,,,{},__TODO__,A1,"['todo', 'needs_frequency_fill']",Replace with real word from frequency list + add forms if needed.,
V0510,__TODO_WORD_0510__,__TODO_WORD_0510__,noun,,,,{},__TODO__,A1,"['todo', 'needs_frequency_fill']",Replace with real word from frequency list + add forms if needed.,
V0511,__TODO_WORD_0511__,__TODO_WORD_0511__,noun,,,,{},__TODO__,A1,"['todo', 'needs_frequency_fill']",Replace with real word from frequency list + add forms if needed.,
V0512,__TODO_WORD_0512__,__TODO_WORD_0512__,noun,,,,{},__TODO__,A1,"['todo', 'needs_frequency_fill']",Replace with real word from frequency list + add forms if needed.,
V0513,__TODO_WORD_0513__,__TODO_WORD_0513__,noun,,,,{},__TODO__,A1,"['todo', 'needs_frequency_fill']",Replace with real word from frequency list + add forms if needed.,
V0514,__TODO_WORD_0514__,__TODO_WORD_0514__,noun,,,,{},__TODO__,A1,"['todo', 'needs_frequency_fill']",Replace with real word from frequency list + add forms if needed.,
V0515,__TODO_WORD_0515__,__TODO_WORD_0515__,noun,,,,{},__TODO__,A1,"['todo', 'needs_frequency_fill']",Replace with real word from frequency list + add forms if needed.,
V0516,__TODO_WORD_0516__,__TODO_WORD_0516__,noun,,,,{},__TODO__,A1,"['todo', 'needs_frequency_fill']",Replace with real word from frequency list + add forms if needed.,
V0517,__TODO_WORD_0517__,__TODO_WORD_0517__,noun,,,,{},__TODO__,A1,"['todo', 'needs_frequency_fill']",Replace with real word from frequency list + add forms if needed.,
V0518,__TODO_WORD_0518__,__TODO_WORD_0518__,noun,,,,{},__TODO__,A1,"['todo', 'needs_frequency_fill']",Replace with real word from frequency list + add forms if needed.,
V0519,__TODO_WORD_0519__,__TODO_WORD_0519__,noun,,,,{},__TODO__,A1,"['todo', 'needs_frequency_fill']",Replace with real word from frequency list + add forms if needed.,
V0520,__TODO_WORD_0520__,__TODO_WORD_0520__,noun,,,,{},__TODO__,A1,"['todo', 'needs_frequency_fill']",Replace with real word from frequency list + add forms if needed.,
V0521,__TODO_WORD_0521__,__TODO_WORD_0521__,noun,,,,{},__TODO__,A1,"['todo', 'needs_frequency_fill']",Replace with real word from frequency list + add forms if needed.,
V0522,__TODO_WORD_0522__,__TODO_WORD_0522__,noun,,,,{},__TODO__,A1,"['todo', 'needs_frequency_fill']",Replace with real word from frequency list + add forms if needed.,
V0523,__TODO_WORD_0523__,__TODO_WORD_0523__,noun,,,,{},__TODO__,A1,"['todo', 'needs_frequency_fill']",Replace with real word from frequency list + add forms if needed.,
V0524,__TODO_WORD_0524__,__TODO_WORD_0524__,noun,,,,{},__TODO__,A1,"['todo', 'needs_frequency_fill']",Replace with real word from frequency list + add forms if needed.,
V0525,__TODO_WORD_0525__,__TODO_WORD_0525__,noun,,,,{},__TODO__,A1,"['todo', 'needs_frequency_fill']",Replace with real word from frequency list + add forms if needed.,
V0526,__TODO_WORD_0526__,__TODO_WORD_0526__,noun,,,,{},__TODO__,A1,"['todo', 'needs_frequency_fill']",Replace with real word from frequency list + add forms if needed.,
V0527,__TODO_WORD_0527__,__TODO_WORD_0527__,noun,,,,{},__TODO__,A1,"['todo', 'needs_frequency_fill']",Replace with real word from frequency list + add forms if needed.,
V0528,__TODO_WORD_0528__,__TODO_WORD_0528__,noun,,,,{},__TODO__,A1,"['todo', 'needs_frequency_fill']",Replace with real word from frequency list + add forms if needed.,
V0529,__TODO_WORD_0529__,__TODO_WORD_0529__,noun,,,,{},__TODO__,A1,"['todo', 'needs_frequency_fill']",Replace with real word from frequency list + add forms if needed.,
V0530,__TODO_WORD_0530__,__TODO_WORD_0530__,noun,,,,{},__TODO__,A1,"['todo', 'needs_frequency_fill']",Replace with real word from frequency list + add forms if needed.,
V0531,__TODO_WORD_0531__,__TODO_WORD_0531__,noun,,,,{},__TODO__,A1,"['todo', 'needs_frequency_fill']",Replace with real word from frequency list + add forms if needed.,
V0532,__TODO_WORD_0532__,__TODO_WORD_0532__,noun,,,,{},__TODO__,A1,"['todo', 'needs_frequency_fill']",Replace with real word from frequency list + add forms if needed.,
V0533,__TODO_WORD_0533__,__TODO_WORD_0533__,noun,,,,{},__TODO__,A1,"['todo', 'needs_frequency_fill']",Replace with real word from frequency list + add forms if needed.,
V0534,__TODO_WORD_0534__,__TODO_WORD_0534__,noun,,,,{},__TODO__,A1,"['todo', 'needs_frequency_fill']",Replace with real word from frequency list + add forms if needed.,
V0535,__TODO_WORD_0535__,__TODO_WORD_0535__,noun,,,,{},__TODO__,A1,"['todo', 'needs_frequency_fill']",Replace with real word from frequency list + add forms if needed.,
V0536,__TODO_WORD_0536__,__TODO_WORD_0536__,noun,,,,{},__TODO__,A1,"['todo', 'needs_frequency_fill']",Replace with real word from frequency list + add forms if needed.,
V0537,__TODO_WORD_0537__,__TODO_WORD_0537__,noun,,,,{},__TODO__,A1,"['todo', 'needs_frequency_fill']",Replace with real word from frequency list + add forms if needed.,
V0538,__TODO_WORD_0538__,__TODO_WORD_0538__,noun,,,,{},__TODO__,A1,"['todo', 'needs_frequency_fill']",Replace with real word from frequency list + add forms if needed.,
V0539,__TODO_WORD_0539__,__TODO_WORD_0539__,noun,,,,{},__TODO__,A1,"['todo', 'needs_frequency_fill']",Replace with real word from frequency list + add forms if needed.,
V0540,__TODO_WORD_0540__,__TODO_WORD_0540__,noun,,,,{},__TODO__,A1,"['todo', 'needs_frequency_fill']",Replace with real word from frequency list + add forms if needed.,
V0541,__TODO_WORD_0541__,__TODO_WORD_0541__,noun,,,,{},__TODO__,A1,"['todo', 'needs_frequency_fill']",Replace with real word from frequency list + add forms if needed.,
V0542,__TODO_WORD_0542__,__TODO_WORD_0542__,noun,,,,{},__TODO__,A1,"['todo', 'needs_frequency_fill']",Replace with real word from frequency list + add forms if needed.,
V0543,__TODO_WORD_0543__,__TODO_WORD_0543__,noun,,,,{},__TODO__,A1,"['todo', 'needs_frequency_fill']",Replace with real word from frequency list + add forms if needed.,
V0544,__TODO_WORD_0544__,__TODO_WORD_0544__,noun,,,,{},__TODO__,A1,"['todo', 'needs_frequency_fill']",Replace with real word from frequency list + add forms if needed.,
V0545,__TODO_WORD_0545__,__TODO_WORD_0545__,noun,,,,{},__TODO__,A1,"['todo', 'needs_frequency_fill']",Replace with real word from frequency list + add forms if needed.,
V0546,__TODO_WORD_0546__,__TODO_WORD_0546__,noun,,,,{},__TODO__,A1,"['todo', 'needs_frequency_fill']",Replace with real word from frequency list + add forms if needed.,
V0547,__TODO_WORD_0547__,__TODO_WORD_0547__,noun,,,,{},__TODO__,A1,"['todo', 'needs_frequency_fill']",Replace with real word from frequency list + add forms if needed.,
V0548,__TODO_WORD_0548__,__TODO_WORD_0548__,noun,,,,{},__TODO__,A1,"['todo', 'needs_frequency_fill']",Replace with real word from frequency list + add forms if needed.,
V0549,__TODO_WORD_0549__,__TODO_WORD_0549__,noun,,,,{},__TODO__,A1,"['todo', 'needs_frequency_fill']",Replace with real word from frequency list + add forms if needed.,
V0550,__TODO_WORD_0550__,__TODO_WORD_0550__,noun,,,,{},__TODO__,A1,"['todo', 'needs_frequency_fill']",Replace with real word from frequency list + add forms if needed.,
V0551,__TODO_WORD_0551__,__TODO_WORD_0551__,noun,,,,{},__TODO__,A1,"['todo', 'needs_frequency_fill']",Replace with real word from frequency list + add forms if needed.,
V0552,__TODO_WORD_0552__,__TODO_WORD_0552__,noun,,,,{},__TODO__,A1,"['todo', 'needs_frequency_fill']",Replace with real word from frequency list + add forms if needed.,
V0553,__TODO_WORD_0553__,__TODO_WORD_0553__,noun,,,,{},__TODO__,A1,"['todo', 'needs_frequency_fill']",Replace with real word from frequency list + add forms if needed.,
V0554,__TODO_WORD_0554__,__TODO_WORD_0554__,noun,,,,{},__TODO__,A1,"['todo', 'needs_frequency_fill']",Replace with real word from frequency list + add forms if needed.,
V0555,__TODO_WORD_0555__,__TODO_WORD_0555__,noun,,,,{},__TODO__,A1,"['todo', 'needs_frequency_fill']",Replace with real word from frequency list + add forms if needed.,
V0556,__TODO_WORD_0556__,__TODO_WORD_0556__,noun,,,,{},__TODO__,A1,"['todo', 'needs_frequency_fill']",Replace with real word from frequency list + add forms if needed.,
V0557,__TODO_WORD_0557__,__TODO_WORD_0557__,noun,,,,{},__TODO__,A1,"['todo', 'needs_frequency_fill']",Replace with real word from frequency list + add forms if needed.,
V0558,__TODO_WORD_0558__,__TODO_WORD_0558__,noun,,,,{},__TODO__,A1,"['todo', 'needs_frequency_fill']",Replace with real word from frequency list + add forms if needed.,
V0559,__TODO_WORD_0559__,__TODO_WORD_0559__,noun,,,,{},__TODO__,A1,"['todo', 'needs_frequency_fill']",Replace with real word from frequency list + add forms if needed.,
V0560,__TODO_WORD_0560__,__TODO_WORD_0560__,noun,,,,{},__TODO__,A1,"['todo', 'needs_frequency_fill']",Replace with real word from frequency list + add forms if needed.,
V0561,__TODO_WORD_0561__,__TODO_WORD_0561__,noun,,,,{},__TODO__,A1,"['todo', 'needs_frequency_fill']",Replace with real word from frequency list + add forms if needed.,
V0562,__TODO_WORD_0562__,__TODO_WORD_0562__,noun,,,,{},__TODO__,A1,"['todo', 'needs_frequency_fill']",Replace with real word from frequency list + add forms if needed.,
V0563,__TODO_WORD_0563__,__TODO_WORD_0563__,noun,,,,{},__TODO__,A1,"['todo', 'needs_frequency_fill']",Replace with real word from frequency list + add forms if needed.,
V0564,__TODO_WORD_0564__,__TODO_WORD_0564__,noun,,,,{},__TODO__,A1,"['todo', 'needs_frequency_fill']",Replace with real word from frequency list + add forms if needed.,
V0565,__TODO_WORD_0565__,__TODO_WORD_0565__,noun,,,,{},__TODO__,A1,"['todo', 'needs_frequency_fill']",Replace with real word from frequency list + add forms if needed.,
V0566,__TODO_WORD_0566__,__TODO_WORD_0566__,noun,,,,{},__TODO__,A1,"['todo', 'needs_frequency_fill']",Replace with real word from frequency list + add forms if needed.,
V0567,__TODO_WORD_0567__,__TODO_WORD_0567__,noun,,,,{},__TODO__,A1,"['todo', 'needs_frequency_fill']",Replace with real word from frequency list + add forms if needed.,
V0568,__TODO_WORD_0568__,__TODO_WORD_0568__,noun,,,,{},__TODO__,A1,"['todo', 'needs_frequency_fill']",Replace with real word from frequency list + add forms if needed.,
V0569,__TODO_WORD_0569__,__TODO_WORD_0569__,noun,,,,{},__TODO__,A1,"['todo', 'needs_frequency_fill']",Replace with real word from frequency list + add forms if needed.,
V0570,__TODO_WORD_0570__,__TODO_WORD_0570__,noun,,,,{},__TODO__,A1,"['todo', 'needs_frequency_fill']",Replace with real word from frequency list + add forms if needed.,
V0571,__TODO_WORD_0571__,__TODO_WORD_0571__,noun,,,,{},__TODO__,A1,"['todo', 'needs_frequency_fill']",Replace with real word from frequency list + add forms if needed.,
V0572,__TODO_WORD_0572__,__TODO_WORD_0572__,noun,,,,{},__TODO__,A1,"['todo', 'needs_frequency_fill']",Replace with real word from frequency list + add forms if needed.,
V0573,__TODO_WORD_0573__,__TODO_WORD_0573__,noun,,,,{},__TODO__,A1,"['todo', 'needs_frequency_fill']",Replace with real word from frequency list + add forms if needed.,
V0574,__TODO_WORD_0574__,__TODO_WORD_0574__,noun,,,,{},__TODO__,A1,"['todo', 'needs_frequency_fill']",Replace with real word from frequency list + add forms if needed.,
V0575,__TODO_WORD_0575__,__TODO_WORD_0575__,noun,,,,{},__TODO__,A1,"['todo', 'needs_frequency_fill']",Replace with real word from frequency list + add forms if needed.,
V0576,__TODO_WORD_0576__,__TODO_WORD_0576__,noun,,,,{},__TODO__,A1,"['todo', 'needs_frequency_fill']",Replace with real word from frequency list + add forms if needed.,
V0577,__TODO_WORD_0577__,__TODO_WORD_0577__,noun,,,,{},__TODO__,A1,"['todo', 'needs_frequency_fill']",Replace with real word from frequency list + add forms if needed.,
V0578,__TODO_WORD_0578__,__TODO_WORD_0578__,noun,,,,{},__TODO__,A1,"['todo', 'needs_frequency_fill']",Replace with real word from frequency list + add forms if needed.,
V0579,__TODO_WORD_0579__,__TODO_WORD_0579__,noun,,,,{},__TODO__,A1,"['todo', 'needs_frequency_fill']",Replace with real word from frequency list + add forms if needed.,
V0580,__TODO_WORD_0580__,__TODO_WORD_0580__,noun,,,,{},__TODO__,A1,"['todo', 'needs_frequency_fill']",Replace with real word from frequency list + add forms if needed.,
V0581,__TODO_WORD_0581__,__TODO_WORD_0581__,noun,,,,{},__TODO__,A1,"['todo', 'needs_frequency_fill']",Replace with real word from frequency list + add forms if needed.,
V0582,__TODO_WORD_0582__,__TODO_WORD_0582__,noun,,,,{},__TODO__,A1,"['todo', 'needs_frequency_fill']",Replace with real word from frequency list + add forms if needed.,
V0583,__TODO_WORD_0583__,__TODO_WORD_0583__,noun,,,,{},__TODO__,A1,"['todo', 'needs_frequency_fill']",Replace with real word from frequency list + add forms if needed.,
V0584,__TODO_WORD_0584__,__TODO_WORD_0584__,noun,,,,{},__TODO__,A1,"['todo', 'needs_frequency_fill']",Replace with real word from frequency list + add forms if needed.,
V0585,__TODO_WORD_0585__,__TODO_WORD_0585__,noun,,,,{},__TODO__,A1,"['todo', 'needs_frequency_fill']",Replace with real word from frequency list + add forms if needed.,
V0586,__TODO_WORD_0586__,__TODO_WORD_0586__,noun,,,,{},__TODO__,A1,"['todo', 'needs_frequency_fill']",Replace with real word from frequency list + add forms if needed.,
V0587,__TODO_WORD_0587__,__TODO_WORD_0587__,noun,,,,{},__TODO__,A1,"['todo', 'needs_frequency_fill']",Replace with real word from frequency list + add forms if needed.,
V0588,__TODO_WORD_0588__,__TODO_WORD_0588__,noun,,,,{},__TODO__,A1,"['todo', 'needs_frequency_fill']",Replace with real word from frequency list + add forms if needed.,
V0589,__TODO_WORD_0589__,__TODO_WORD_0589__,noun,,,,{},__TODO__,A1,"['todo', 'needs_frequency_fill']",Replace with real word from frequency list + add forms if needed.,
V0590,__TODO_WORD_0590__,__TODO_WORD_0590__,noun,,,,{},__TODO__,A1,"['todo', 'needs_frequency_fill']",Replace with real word from frequency list + add forms if needed.,
V0591,__TODO_WORD_0591__,__TODO_WORD_0591__,noun,,,,{},__TODO__,A1,"['todo', 'needs_frequency_fill']",Replace with real word from frequency list + add forms if needed.,
V0592,__TODO_WORD_0592__,__TODO_WORD_0592__,noun,,,,{},__TODO__,A1,"['todo', 'needs_frequency_fill']",Replace with real word from frequency list + add forms if needed.,
V0593,__TODO_WORD_0593__,__TODO_WORD_0593__,noun,,,,{},__TODO__,A1,"['todo', 'needs_frequency_fill']",Replace with real word from frequency list + add forms if needed.,
V0594,__TODO_WORD_0594__,__TODO_WORD_0594__,noun,,,,{},__TODO__,A1,"['todo', 'needs_frequency_fill']",Replace with real word from frequency list + add forms if needed.,
V0595,__TODO_WORD_0595__,__TODO_WORD_0595__,noun,,,,{},__TODO__,A1,"['todo', 'needs_frequency_fill']",Replace with real word from frequency list + add forms if needed.,
V0596,__TODO_WORD_0596__,__TODO_WORD_0596__,noun,,,,{},__TODO__,A1,"['todo', 'needs_frequency_fill']",Replace with real word from frequency list + add forms if needed.,
V0597,__TODO_WORD_0597__,__TODO_WORD_0597__,noun,,,,{},__TODO__,A1,"['todo', 'needs_frequency_fill']",Replace with real word from frequency list + add forms if needed.,
V0598,__TODO_WORD_0598__,__TODO_WORD_0598__,noun,,,,{},__TODO__,A1,"['todo', 'needs_frequency_fill']",Replace with real word from frequency list + add forms if needed.,
V0599,__TODO_WORD_0599__,__TODO_WORD_0599__,noun,,,,{},__TODO__,A1,"['todo', 'needs_frequency_fill']",Replace with real word from frequency list + add forms if needed.,
V0600,__TODO_WORD_0600__,__TODO_WORD_0600__,noun,,,,{},__TODO__,A1,"['todo', 'needs_frequency_fill']",Replace with real word from frequency list + add forms if needed.,
