rank,word,count
1,të,978
2,e,648
3,nuk,487
4,në,405
5,është,379
6,i,306
7,një,285
8,do,245
9,tomi,219
10,më,217
11,me,186
12,për,180
13,unë,168
14,që,167
15,po,132
16,shumë,122
17,se,120
18,jam,116
19,te,106
20,kam,101
21,ajo,97
22,ka,89
23,mund,89
24,ta,88
25,dhe,86
26,u,85
27,ju,85
28,ai,83
29,ti,68
30,janë,66
31,ishte,64
32,mirë,62
33,nga,60
34,duhet,59
35,si,58
36,ne,56
37,dua,54
38,a,54
39,kjo,46
40,di,46
41,pse,43
42,këtë,42
43,ke,42
44,ç'farë,42
45,jo,41
46,ata,40
47,këtu,40
48,mua,39
49,ku,39
50,atë,39
51,mos,37
52,tij,36
53,çfarë,35
54,je,35
55,apo,35
56,kur,34
57,lutem,34
58,kush,33
59,shkon,33
60,kishte,32
61,im,32
62,gjuhë,32
63,isha,30
64,tha,30
65,kurrë,30
66,ime,29
67,por,29
68,pëlqen,29
69,keni,28
70,duke,28
71,shtëpi,27
72,gjithë,26
73,pa,26
74,shkoj,26
75,sot,26
76,kemi,25
77,tani,25
78,parë,25
79,vetëm,25
80,ha,25
81,kombësie,25
82,para,24
83,asgjë,24
84,sa,24
85,jeni,24
86,tom,24
87,diçka,24
88,qe,23
89,bëj,23
90,shqiptarët,23
91,tjetër,22
92,ndonjë,22
93,ende,22
94,shkojmë,21
95,ky,21
96,ishin,21
97,tuaj,21
98,ditë,21
99,tomit,21
100,bërë,20
101,duket,20
102,nevojë,20
103,mendoj,20
104,vërtetë,20
105,qenë,20
106,nëse,20
107,tyre,19
108,nje,19
109,jetë,19
110,bukur,19
111,gjë,18
112,dy,18
113,eshte,18
114,mary,18
115,tomin,18
116,time,17
117,edhe,17
118,gjithmonë,16
119,flet,16
120,shkoni,16
121,ndërtosh,16
122,jemi,15
123,ty,15
124,saj,15
125,maria,15
126,kanë,14
127,keq,14
128,herë,14
129,sepse,14
130,per,14
131,kohë,14
132,bën,14
133,shkosh,14
134,deri,14
135,shkojnë,14
136,na,13
137,pak,13
138,re,13
139,doja,13
140,ri,13
141,bësh,13
142,nesër,13
143,shkollë,13
144,së,13
145,libër,13
146,çdo,13
147,kuptoj,13
148,duan,13
149,une,12
150,shum,12
151,vështirë,12
152,gjithçka,12
153,punë,12
154,aq,12
155,gjuha,12
156,gratë,12
157,boston,12
158,as,12
159,t'i,12
160,ndërtoj,12
161,fëmijë,11
162,jesh,11
163,pas,11
164,disa,11
165,bëri,11
166,askush,11
167,asnjë,11
168,njeri,11
169,jem,11
170,mendon,11
171,pëlqejnë,11
172,shume,10
173,juaj,10
174,akoma,10
175,ose,10
176,kisha,10
177,tim,10
178,sajë,10
179,kafe,10
180,kaq,10
181,them,10
182,shqiptare,10
183,mia,9
184,tashmë,9
185,flas,9
186,jote,9
187,jap,9
188,kaluar,9
189,thashë,9
190,gjuhën,9
191,mësues,9
192,madhe,9
193,pashë,9
194,fortë,9
195,dikush,9
196,sapo,9
197,frëngjisht,9
198,meri,9
199,anglisht,8
200,vjen,8
201,shoh,8
202,lumtur,8
203,mire,8
204,emri,8
205,ato,8
206,fund,8
207,tu,8
208,shpesh,8
209,erdhi,8
210,herët,8
211,ndonjëherë,8
212,yt,8
213,frikë,8
214,gati,8
215,thotë,8
216,vdiq,8
217,aty,8
218,cilës,8
219,gjuhët,8
220,faleminderit,7
221,gëzuar,7
222,lirë,7
223,flisni,7
224,ma,7
225,shtëpinë,7
226,doni,7
227,nqs,7
228,shtëpia,7
229,asaj,7
230,tuaja,7
231,urrej,7
232,tënd,7
233,asnjëherë,7
234,vdekur,7
235,mbi,7
236,vend,7
237,thuash,7
238,le,7
239,vetmja,7
240,zgjuar,7
241,ishe,7
242,cila,7
243,shpresoj,7
244,mi,7
245,librin,7
246,vajza,7
247,veten,7
248,lule,7
249,thjeshtë,7
250,jetoj,7
251,jashtë,7
252,fshehur,7
253,vetë,7
254,rri,7
255,mëngjes,7
256,bëjë,7
257,ndërtojnë,7
258,maryn,7
259,ja,7
260,madh,7
261,t'ju,7
262,ndërtojmë,7
263,ndërtoni,7
264,njerëzit,6
265,bëjmë,6
266,vitin,6
267,ate,6
268,dashur,6
269,pastaj,6
270,cili,6
271,jep,6
272,vertete,6
273,jeta,6
274,problem,6
275,reja,6
276,pasur,6
277,përveç,6
278,qytet,6
279,lehtë,6
280,marrë,6
281,thënë,6
282,besoj,6
283,eja,6
284,orë,6
285,bëni,6
286,orën,6
287,tre,6
288,këto,6
289,nën,6
290,libri,6
291,cilën,6
292,pesë,6
293,shqetësuar,6
294,drejtë,6
295,punojnë,6
296,martuar,6
297,ndihmoj,6
298,millie,6
299,makinë,6
300,punon,6
301,kështu,6
302,atëherë,6
303,ardhur,6
304,pothuajse,6
305,dje,6
306,gjitha,6
307,keqe,6
308,shikon,6
309,shkova,6
310,gjatë,6
311,kem,6
312,fle,6
313,prindërit,6
314,fat,6
315,përgjigj,6
316,sigurt,6
317,shoku,6
318,tua,6
319,mësim,6
320,spitale,6
321,arsye,5
322,ndaj,5
323,s'ka,5
324,ditën,5
325,bëra,5
326,përgjigje,5
327,babai,5
328,nënën,5
329,midis,5
330,mace,5
331,gabime,5
332,kete,5
333,njoh,5
334,jonë,5
335,ndonjehere,5
336,tënde,5
337,ndoshta,5
338,mendova,5
339,fundit,5
340,shqipëri,5
341,jetën,5
342,dëgjuar,5
343,atje,5
344,kishe,5
345,pyetje,5
346,tek,5
347,thjesht,5
348,qeni,5
349,ushqim,5
350,punoj,5
351,ia,5
352,miqtë,5
353,mbrëmje,5
354,zënë,5
355,jeton,5
356,njeriu,5
357,lexova,5
358,shikoj,5
359,greqi,5
360,vërtetën,5
361,sy,5
362,ftohtë,5
363,angli,5
364,bukë,5
365,lartë,5
366,vogël,5
367,paktën,5
368,tatoeba,5
369,udhëtim,5
370,fillon,5
371,vonë,5
372,burg,5
373,ndodhë,5
374,shiko,5
375,lexuar,5
376,mrekullueshme,5
377,hapur,5
378,ulur,5
379,thanë,5
380,vetmi,5
381,tërë,5
382,qau,5
383,flasin,5
384,huaja,5
385,njeh,5
386,fjalë,5
387,goja,5
388,luan,5
389,humbur,5
390,atij,5
391,krenar,5
392,ishit,5
393,njerëz,5
394,brenda,5
395,tona,5
396,dije,5
397,pushime,5
398,francë,5
399,bënte,5
400,finlandë,5
401,tetë,5
402,shko,5
403,ndërtojë,5
404,in,5
405,gjumë,4
406,vërtet,4
407,harro,4
408,emrin,4
409,cfare,4
410,qen,4
411,bere,4
412,gjith,4
413,juve,4
414,vendin,4
415,nevoje,4
416,takuar,4
417,student,4
418,sikur,4
419,mundësi,4
420,zakonisht,4
421,mënyrë,4
422,fëmijët,4
423,shkonin,4
424,rregullat,4
425,minuta,4
426,kërkoj,4
427,pëlqej,4
428,dashuri,4
429,facebook,4
430,vjeter,4
431,twitter,4
432,shkolla,4
433,kërkuar,4
434,kërkoi,4
435,përdorni,4
436,vjeç,4
437,fjalët,4
438,vjetër,4
439,gjëra,4
440,pushim,4
441,quajnë,4
442,tryezë,4
443,kryeqyteti,4
444,grua,4
445,këtij,4
446,vij,4
447,mend,4
448,mbajtur,4
449,djali,4
450,huaj,4
451,vëlla,4
452,vëllai,4
453,kishë,4
454,shqip,4
455,mësojmë,4
456,greqia,4
457,vet,4
458,pyeti,4
459,javë,4
460,japoni,4
461,shtëpisë,4
462,donte,4
463,kujdesshëm,4
464,menjëherë,4
465,çaj,4
466,menduar,4
467,detyrat,4
468,shkoi,4
469,përdor,4
470,pi,4
471,duam,4
472,vdes,4
473,la,4
474,tokë,4
475,spanjisht,4
476,frëngjishtja,4
477,bë,4
478,dëshiron,4
479,peshk,4
480,pjesë,4
481,ana,4
482,dëshironte,4
483,vajzë,4
484,imja,4
485,dinte,4
486,familjen,4
487,ra,4
488,qetë,4
489,prit,4
490,karrigen,4
491,pres,4
492,arrij,4
493,kushtosh,4
494,vëmendje,4
495,banka,4
496,mbretërinë,4
497,bashkuar,4
498,mish,4
499,brazil,4
500,hanë,4
501,javën,4
502,tillë,4
503,martohen,4
504,arabinë,4
505,saudite,4
506,miku,4
507,anglishten,4
508,shqipërisë,4
509,zoti,3
510,mirëmëngjes,3
511,ditëlindjen,3
512,njëri,3
513,ide,3
514,ngjyrë,3
515,shpejt,3
516,gur,3
517,ndjeva,3
518,ora,3
519,vini,3
520,gjithashtu,3
521,pyetjes,3
522,syzet,3
523,kënaqur,3
524,merret,3
525,filluar,3
526,nënë,3
527,tavolinë,3
528,motra,3
529,mungon,3
530,tend,3
531,shkronja,3
532,jane,3
533,beni,3
534,marrin,3
535,idiot,3
536,vrapon,3
537,gabim,3
538,pasi,3
539,sipas,3
540,vit,3
541,jeten,3
542,njohur,3
543,duaj,3
544,kishim,3
545,dime,3
546,mbiemri,3
547,zot,3
548,bota,3
549,urren,3
550,urrejnë,3
551,jot,3
552,përpara,3
553,fatkeqësisht,3
554,fakt,3
555,person,3
556,llogari,3
557,interesante,3
558,energji,3
559,ndërtuar,3
560,ideja,3
561,dikë,3
562,sheh,3
563,mjaftueshëm,3
564,mira,3
565,bëhet,3
566,folur,3
567,vjedhur,3
568,kujdes,3
569,fjalën,3
570,shkëlqyer,3
571,gjashtë,3
572,kohën,3
573,shkuam,3
574,shkruani,3
575,supë,3
576,qytetit,3
577,qejf,3
578,stacioni,3
579,gazetat,3
580,ndryshon,3
581,biçikletë,3
582,z,3
583,frymën,3
584,iku,3
585,meriton,3
586,tjerë,3
587,muzeu,3
588,rrugë,3
589,macja,3
590,mbreti,3
591,m'u,3
592,thuaj,3
593,vazhdo,3
594,burrë,3
595,japonia,3
596,vendosur,3
597,sëmurë,3
598,gruaja,3
599,njëzet,3
600,plotë,3
601,dini,3
602,kuqe,3
603,shkruar,3
604,funksionon,3
605,bie,3
606,botë,3
607,qyteti,3
608,puna,3
609,ikim,3
610,shkroi,3
611,30,3
612,këpucë,3
613,gjysëm,3
614,hyj,3
615,arrin,3
616,lajmi,3
617,dëgjo,3
618,vesh,3
619,doli,3
620,vë,3
621,lë,3
622,seriozisht,3
623,afër,3
624,ujë,3
625,kripë,3
626,darkë,3
627,erdhe,3
628,çuditshme,3
629,futboll,3
630,mendoni,3
631,ndryshe,3
632,breshkat,3
633,sos,3
634,s'mund,3
635,sosur,3
636,jetojë,3
637,stër,3
638,shi,3
639,kosova,3
640,gabuar,3
641,historinë,3
642,turistë,3
643,humbi,3
644,rumania,3
645,quhet,3
646,mësoj,3
647,anglishtja,3
648,gjermanike,3
649,pëlqeu,3
650,the,3
651,treguar,3
652,dëshirë,3
653,bashkuara,3
654,familja,3
655,kopshtin,3
656,buzëqesh,3
657,përfundojë,3
658,grup,3
659,dimë,3
660,fotografi,3
661,libra,3
662,mesazh,3
663,përket,3
664,shkuar,3
665,australi,3
666,sëmundja,3
667,punën,3
668,jetojnë,3
669,qeshin,3
670,ndodhi,3
671,ngadalë,3
672,ndihmo,3
673,shpejtë,3
674,fluturojnë,3
675,ulu,3
676,ndjesë,3
677,shkruaj,3
678,nëna,3
679,ji,3
680,bezdisshme,3
681,bëre,3
682,mësuar,3
683,etur,3
684,flasësh,3
685,mërzitur,3
686,përse,3
687,luash,3
688,mban,3
689,thërras,3
690,duken,3
691,kanadez,3
692,kanadeze,3
693,ftoi,3
694,kupton,3
695,mësuesit,3
696,epo,3
697,premten,3
698,interesant,3
699,shqiptohet,3
700,rëndësishme,3
701,kujdesshme,3
702,akullore,3
703,nese,3
704,marrim,3
705,gjendje,3
706,duhej,3
707,topin,3
708,t'ja,3
709,vetes,3
710,ardhshëm,3
711,qipro,3
712,kili,3
713,dashura,3
714,tjera,3
715,sinagoga,3
716,thatë,3
717,borxh,3
718,zelandën,3
719,bullgari,3
720,ndihmojë,3
721,shqetëson,3
722,shikoni,3
723,dhënë,3
724,sonte,3
725,donin,3
726,shpejti,3
727,fare,3
728,shkollën,3
729,makina,3
730,belgjikë,3
731,habitur,3
732,patur,3
733,thertore,3
734,tempuj,3
735,gjermane,3
736,përfundimet,3
737,tridhjet,3
738,frëngjishten,3
739,mora,3
740,saktë,3
741,siri,3
742,arena,3
743,mundem,3
744,rusi,3
745,ç'do,3
746,pasaportën,3
747,cilat,3
748,vietnam,3
749,japësh,3
750,dalin,3
751,vizituar,3
752,parasysh,3
753,estoni,3
754,kuptova,3
755,trembëdhjetë,3
756,mysliman,3
757,niqab,3
758,s'jam,3
759,barabartë,2
760,drejta,2
761,mirëdita,2
762,falni,2
763,iu,2
764,film,2
765,mollët,2
766,provoi,2
767,franca,2
768,prinderit,2
769,vone,2
770,ëndërra,2
771,shkruaje,2
772,pari,2
773,flisnim,2
774,behet,2
775,gjesh,2
776,shkolle,2
777,pelqejne,2
778,realitet,2
779,humba,2
780,pare,2
781,bene,2
782,lejuar,2
783,kerkon,2
784,mundeni,2
785,njerzit,2
786,vazhdoni,2
787,here,2
788,kthehem,2
789,viti,2
790,perseri,2
791,dite,2
792,vetem,2
793,moment,2
794,jete,2
795,harruar,2
796,kohe,2
797,shkruaja,2
798,6,2
799,tregoi,2
800,mija,2
801,ore,2
802,studioni,2
803,skeptik,2
804,derisa,2
805,mbaj,2
806,njihni,2
807,allahut,2
808,përgjigja,2
809,degjova,2
810,ejani,2
811,botën,2
812,macet,2
813,punës,2
814,shihte,2
815,ikën,2
816,duhanin,2
817,këshilloi,2
818,babanë,2
819,kalo,2
820,vjec,2
821,dicka,2
822,vende,2
823,pune,2
824,gjëja,2
825,shohësh,2
826,ok,2
827,bankë,2
828,provim,2
829,thuhet,2
830,thikë,2
831,gjetur,2
832,trupin,2
833,doktor,2
834,ngritur,2
835,telefonin,2
836,martesë,2
837,tjetrin,2
838,policia,2
839,muaj,2
840,nënës,2
841,lojë,2
842,këndon,2
843,lakra,2
844,gjermanisht,2
845,mëson,2
846,mbaroj,2
847,brown,2
848,mes,2
849,dritares,2
850,koha,2
851,mbaroi,2
852,faturën,2
853,qesharak,2
854,paratë,2
855,durim,2
856,amerikë,2
857,mënyra,2
858,nxënës,2
859,njeriut,2
860,lodhur,2
861,shqipe,2
862,mjaft,2
863,tirana,2
864,peshku,2
865,rast,2
866,çelës,2
867,ndihmuar,2
868,djalë,2
869,ndryshëm,2
870,mundua,2
871,treni,2
872,lamtumirë,2
873,merin,2
874,fjetur,2
875,përsëri,2
876,dalësh,2
877,darkës,2
878,mendimin,2
879,përmirësohet,2
880,tonë,2
881,dyqani,2
882,misteri,2
883,dija,2
884,vlerësoj,2
885,kryer,2
886,qani,2
887,bashkëpunimin,2
888,gatoi,2
889,fëmija,2
890,lindur,2
891,gruas,2
892,notoj,2
893,lulet,2
894,spiun,2
895,anëtar,2
896,kafshët,2
897,vras,2
898,esperanto,2
899,bardhë,2
900,televizor,2
901,bora,2
902,katër,2
903,mprehtë,2
904,gota,2
905,anglez,2
906,telefon,2
907,siç,2
908,det,2
909,shtet,2
910,fëmije,2
911,telefonit,2
912,ndarë,2
913,vërteta,2
914,aftësitë,2
915,numrin,2
916,marisë,2
917,2,2
918,jenë,2
919,mëdha,2
920,unazë,2
921,ndihet,2
922,çuditshëm,2
923,përpiktë,2
924,lexoj,2
925,ndeshja,2
926,hëngri,2
927,pinë,2
928,iki,2
929,ankua,2
930,dhoma,2
931,përdoret,2
932,republikë,2
933,cilit,2
934,hëngra,2
935,rreth,2
936,orës,2
937,uri,2
938,tregosh,2
939,lëre,2
940,lërna,2
941,japoneze,2
942,sigurisht,2
943,bashkë,2
944,shumica,2
945,çka,2
946,erë,2
947,din,2
948,kërkon,2
949,mamaja,2
950,italiane,2
951,ngrënë,2
952,burra,2
953,shpirtin,2
954,ndërsa,2
955,ngrihej,2
956,vera,2
957,pëlqente,2
958,burri,2
959,pafajshëm,2
960,peshë,2
961,ndërkombëtare,2
962,kusht,2
963,rëndë,2
964,thirrin,2
965,pagesë,2
966,merit,2
967,thuaji,2
968,ndihmon,2
969,harroje,2
970,gjërat,2
971,burrat,2
972,vizitova,2
973,fjali,2
974,kuptosh,2
975,hash,2
976,rëndësi,2
977,dhëmbë,2
978,qoftë,2
979,theva,2
980,ricardo,2
981,vrau,2
982,pikën,2
983,diçkaje,2
984,pikë,2
985,verën,2
986,hije,2
987,shpirti,2
988,mësosh,2
989,shoqëroj,2
990,lajmin,2
991,bleva,2
992,ushqimi,2
993,gjallë,2
994,dhemb,2
995,supermarket,2
996,shëmtuar,2
997,probleme,2
998,evropë,2
999,flitet,2
1000,kaloj,2
1001,familje,2
1002,puthen,2
1003,xheloz,2
1004,o,2
1005,lashë,2
1006,shkëlqyeshme,2
1007,lau,2
1008,fishekzjarret,2
1009,dan,2
1010,jack,2
1011,mundur,2
1012,bukureshti,2
1013,rumani,2
1014,hap,2
1015,dhjetë,2
1016,tingëllon,2
1017,latinishtja,2
1018,hape,2
1019,dritaren,2
1020,fort,2
1021,zana,2
1022,malit,2
1023,megjithatë,2
1024,dritarja,2
1025,palë,2
1026,bashku,2
1027,përgjithmonë,2
1028,dita,2
1029,shihet,2
1030,jastëk,2
1031,dashurin,2
1032,portokall,2
1033,fëmijëve,2
1034,njejtën,2
1035,përrallë,2
1036,mollë,2
1037,artë,2
1038,shtetet,2
1039,bëjnë,2
1040,flaktë,2
1041,ligji,2
1042,pagova,2
1043,emër,2
1044,xhaxhai,2
1045,largua,2
1046,ndodhur,2
1047,dëgjonte,2
1048,zoologjik,2
1049,pemë,2
1050,dardhë,2
1051,këndoj,2
1052,ndërmend,2
1053,publike,2
1054,mbrëmë,2
1055,problemi,2
1056,shërbejë,2
1057,uritur,2
1058,shkove,2
1059,kë,2
1060,mbyt,2
1061,ndryshuar,2
1062,trego,2
1063,dhomë,2
1064,pati,2
1065,serioze,2
1066,vendi,2
1067,dhomën,2
1068,pagoi,2
1069,spital,2
1070,tavolinën,2
1071,zgjidhje,2
1072,puthur,2
1073,vetme,2
1074,nxito,2
1075,qeshën,2
1076,vozit,2
1077,përshëndetje,2
1078,zogjtë,2
1079,rrini,2
1080,realist,2
1081,zhduk,2
1082,arsyeshëm,2
1083,djathë,2
1084,telefono,2
1085,çaji,2
1086,esperanton,2
1087,ndryshim,2
1088,helm,2
1089,menunë,2
1090,merr,2
1091,mundesh,2
1092,paraja,2
1093,biftek,2
1094,miq,2
1095,zemra,2
1096,armiku,2
1097,kushton,2
1098,alfabeti,2
1099,guri,2
1100,vitit,2
1101,fshat,2
1102,pushoj,2
1103,persona,2
1104,pasqyrën,2
1105,ardhmen,2
1106,koleksiononi,2
1107,linda,2
1108,mëngjesin,2
1109,shkojë,2
1110,fitoi,2
1111,ndeshjen,2
1112,mbiemrin,2
1113,durueshëm,2
1114,avokati,2
1115,t'u,2
1116,vanilje,2
1117,mjaltë,2
1118,krem,2
1119,sheqer,2
1120,bileta,2
1121,mbremje,2
1122,shtepi,2
1123,preu,2
1124,thinjur,2
1125,shijosh,2
1126,ishim,2
1127,takoj,2
1128,vajzen,2
1129,enderrave,2
1130,dukej,2
1131,frikesuar,2
1132,bente,2
1133,frike,2
1134,mendjen,2
1135,pafat,2
1136,vete,2
1137,palosi,2
1138,letren,2
1139,mbahet,2
1140,doreheqjen,2
1141,provuar,2
1142,shtiresh,2
1143,sami,2
1144,dinim,2
1145,kursimet,2
1146,vuri,2
1147,mënjanë,2
1148,qind,2
1149,shkallët,2
1150,julia,2
1151,poshtë,2
1152,shihemi,2
1153,urime,2
1154,marr,2
1155,c'farë,2
1156,kushërirat,2
1157,kotë,2
1158,nder,2
1159,nevoj,2
1160,liqen,2
1161,mendonte,2
1162,afrikën,2
1163,jugut,2
1164,liban,2
1165,pyetja,2
1166,ardhshme,2
1167,darkën,2
1168,punojë,2
1169,irlandën,2
1170,veriut,2
1171,vajzën,2
1172,inatosur,2
1173,përgjigjen,2
1174,sinqertë,2
1175,bëja,2
1176,këshillat,2
1177,mesditë,2
1178,palestra,2
1179,portofolin,2
1180,kontrollosh,2
1181,xhepat,2
1182,prapë,2
1183,martova,2
1184,ndër,2
1185,shthurrur,2
1186,sërisht,2
1187,lër,2
1188,zemër,2
1189,humb,2
1190,rrezikshme,2
1191,vahteve,2
1192,birreri,2
1193,egjipt,2
1194,kërkoni,2
1195,meksikë,2
1196,ndërtesë,2
1197,fillojnë,2
1198,pushimet,2
1199,esperantos,2
1200,interesuar,2
1201,golf,2
1202,dush,2
1203,tymos,2
1204,vijë,2
1205,profesorët,2
1206,shije,2
1207,njëjtën,2
1208,bukura,2
1209,martohem,2
1210,rezervoj,2
1211,kanada,2
1212,gjithave,2
1213,bëhen,2
1214,famshme,2
1215,kombësi,2
1216,mësueset,2
1217,jepni,2
1218,ukrainë,2
1219,xhami,2
1220,gjermanishten,2
1221,gjeti,2
1222,dëgjon,2
1223,dinin,2
1224,dikur,2
1225,restorant,2
1226,marika,2
1227,makinës,2
1228,thërrasim,2
1229,detyra,2
1230,frikshëm,2
1231,mausole,2
1232,ditët,2
1233,këmbë,2
1234,pseudonimi,2
1235,flokët,2
1236,bijtë,2
1237,ketë,2
1238,jetës,2
1239,sime,2
1240,pavarësisht,2
1241,hënën,2
1242,ndaloi,2
1243,vazhdoi,2
1244,presidenti,2
1245,tekst,2
1246,xheloze,2
1247,punësojmë,2
1248,flasë,2
1249,italia,2
1250,shok,2
1251,nxënëset,2
1252,kinë,2
1253,dot,2
1254,pakistan,2
1255,disku,2
1256,tanë,2
1257,goca,2
1258,sesi,2
1259,kërkoja,2
1260,ujëvara,2
1261,serbe,2
1262,mausolera,2
1263,derdhi,2
1264,moshën,2
1265,fqinjët,2
1266,kërkojnë,2
1267,stadiume,2
1268,vra,2
1269,studentet,2
1270,bllokuar,2
1271,luaj,2
1272,vëllain,2
1273,prek,2
1274,ndërto,2
1275,vjeshtë,2
1276,druri,2
1277,gjermani,2
1278,kjoska,2
1279,japim,2
1280,portugali,2
1281,dobishme,2
1282,mori,2
1283,restorante,2
1284,punojmë,2
1285,fans,2
1286,italinë,2
1287,bleu,2
1288,danimarkë,2
1289,vajzat,2
1290,borë,2
1291,shah,2
1292,dhunën,2
1293,suedi,2
1294,banoj,2
1295,realizuar,2
1296,indi,2
1297,uau,2
1298,publik,2
1299,argjentina,2
1300,bosh,2
1301,donzhuan,2
1302,thelbësore,2
1303,vegeta,2
1304,shqipërinë,2
1305,ngushtë,2
1306,shqipëria,2
1307,namaz,2
1308,xhihadin,2
1309,serbët,2
1310,veshin,2
1311,burrit,2
1312,shoqja,2
1313,këngëtare,2
1314,autori,2
1315,derrat,2
1316,fëmijërisë,2
1317,luajnë,2
1318,kitarë,2
1319,t'a,2
1320,eci,2
1321,dashuroj,1
1322,falemnderit,1
1323,shyqyr,1
1324,mike,1
1325,ëmbël,1
1326,timi,1
1327,muriel,1
1328,lindin,1
1329,dinjitet,1
1330,ndërgjegje,1
1331,sillen,1
1332,tjetrit,1
1333,frymë,1
1334,vëllazërimi,1
1335,jeshile,1
1336,flenë,1
1337,rroftë,1
1338,bashkimi,1
1339,sovjetik,1
1340,vrasin,1
1341,zogj,1
1342,gëzohem,1
1343,njohëm,1
1344,takuam,1
1345,goxha,1
1346,prej,1
1347,tepër,1
1348,yangzi,1
1349,shmang,1
1350,kompani,1
1351,nënshkruar,1
1352,kontratë,1
1353,trevjeçare,1
1354,mikeli,1
1355,pastrimin,1
1356,dritareve,1
1357,perdorur,1
1358,reçelin,1
1359,en,1
1360,dymbëdhjetë,1
1361,këlyshër,1
1362,shëtitje,1
1363,park,1
1364,fikësh,1
1365,zjarrin,1
1366,966,1
1367,tën,1
1368,humbiste,1
1369,shpresat,1
1370,not,1
1371,avancuar,1
1372,kthyer,1
1373,vegjetarian,1
1374,gjeorgji,1
1375,tereza,1
1376,lind,1
1377,jugosllavi,1
1378,1910,1
1379,katrore,1
1380,evropën,1
1381,perëndimore,1
1382,ekskurzion,1
1383,lejojne,1
1384,pashkët,1
1385,krishti,1
1386,ngjall,1
1387,aynur,1
1388,urryer,1
1389,kurr,1
1390,pershendetje,1
1391,pekka,1
1392,kapitale,1
1393,flisini,1
1394,donim,1
1395,presidentin,1
1396,kompanise,1
1397,refuzoi,1
1398,fliste,1
1399,gjeni,1
1400,fjalite,1
1401,shtuar,1
1402,indeksuar,1
1403,indeksimi,1
1404,fjalive,1
1405,egekutueshem,1
1406,cdo,1
1407,jave,1
1408,analogji,1
1409,problemit,1
1410,timit,1
1411,dyqanin,1
1412,banke,1
1413,njerez,1
1414,shohin,1
1415,pikture,1
1416,pelqenin,1
1417,shihnin,1
1418,filmin,1
1419,varfer,1
1420,shpjeguar,1
1421,lirine,1
1422,vdekjen,1
1423,mini,1
1424,njejtin,1
1425,shkencatarve,1
1426,atmosfera,1
1427,ngrohet,1
1428,telefononi,1
1429,njejta,1
1430,vullkani,1
1431,aktiv,1
1432,endrra,1
1433,tingelloj,1
1434,cuditshem,1
1435,errsire,1
1436,jashte,1
1437,mjaftueshe,1
1438,mjaftueshme,1
1439,shoket,1
1440,klases,1
1441,puthe,1
1442,puthja,1
1443,embel,1
1444,mjalta,1
1445,puth,1
1446,qofte,1
1447,uje,1
1448,jetojme,1
1449,dimire,1
1450,debore,1
1451,sec,1
1452,pritur,1
1453,kishin,1
1454,perpara,1
1455,moshen,1
1456,vjece,1
1457,mesuar,1
1458,to,1
1459,perdorte,1
1460,makinen,1
1461,shkrimit,1
1462,mesuesit,1
1463,mesonte,1
1464,shkruante,1
1465,duar,1
1466,shkruajtur,1
1467,zene,1
1468,këpucet,1
1469,vogla,1
1470,gjume,1
1471,dueht,1
1472,riparim,1
1473,gjerave,1
1474,kane,1
1475,prova,1
1476,besueshme,1
1477,qetesi,1
1478,flase,1
1479,ikeda,1
1480,kazuko,1
1481,muhammedi,1
1482,dërguari,1
1483,par,1
1484,emigrantët,1
1485,solidariteti,1
1486,kanibalizëm,1
1487,sociale,1
1488,thate,1
1489,ndryshme,1
1490,studentat,1
1491,azia,1
1492,tjeret,1
1493,europa,1
1494,vizitoni,1
1495,menyra,1
1496,realizoni,1
1497,enderrat,1
1498,zgjoheni,1
1499,egziston,1
1500,qentë,1
1501,seç,1
1502,dëgjoj,1
1503,vështirsi,1
1504,suksesi,1
1505,rezultat,1
1506,gjeja,1
1507,apartamentin,1
1508,përformanca,1
1509,kompjutërit,1
1510,dobët,1
1511,futeni,1
1512,telashe,1
1513,shpenzoni,1
1514,dij,1
1515,rrezikshëm,1
1516,trup,1
1517,shpirtë,1
1518,krevat,1
1519,pata,1
1520,mundësinë,1
1521,takoja,1
1522,respektosh,1
1523,zonjushë,1
1524,nxehje,1
1525,qartësoja,1
1526,parasyshë,1
1527,pasojat,1
1528,dijë,1
1529,cfarë,1
1530,argëtuar,1
1531,vejushë,1
1532,lufte,1
1533,paraqitje,1
1534,shkurtëer,1
1535,përjetsisë,1
1536,përbashkët,1
1537,ndalosh,1
1538,pijen,1
1539,cigaren,1
1540,metode,1
1541,përdorur,1
1542,ndalur,1
1543,doktori,1
1544,ndalte,1
1545,ndalojmë,1
1546,ketu,1
1547,zgjidhur,1
1548,problemin,1
1549,kripen,1
1550,ivy,1
1551,bean,1
1552,perodoruesi,1
1553,104,1
1554,sigurtë,1
1555,intelektual,1
1556,zbuluar,1
1557,seksin,1
1558,egzistojn,1
1559,shfryteyuar,1
1560,krijuara,1
1561,kërcenime,1
1562,aleanca,1
1563,riparuar,1
1564,kompjutër,1
1565,krej,1
1566,përrreth,1
1567,burim,1
1568,miqt,1
1569,yjet,1
1570,nëqoftë,1
1571,ath,1
1572,fundi,1
1573,librat,1
1574,italisht,1
1575,komisariat,1
1576,shpjegosh,1
1577,ëeshtë,1
1578,mjergull,1
1579,presësh,1
1580,mënduar,1
1581,lidhjen,1
1582,frymarrjes,1
1583,mendjes,1
1584,trupit,1
1585,yotube,1
1586,muzikë,1
1587,lyrics,1
1588,vidio,1
1589,hekur,1
1590,gozhdë,1
1591,bëjme,1
1592,ftuar,1
1593,paulos,1
1594,programim,1
1595,kompjuteri,1
1596,kompjuterat,1
1597,gjetën,1
1598,mënyren,1
1599,larg,1
1600,përshkruani,1
1601,distanca,1
1602,fjalitë,1
1603,negative,1
1604,keshë,1
1605,hipësh,1
1606,minut,1
1607,pathyeshëm,1
1608,kujtohet,1
1609,nëntëmbëdhjetë,1
1610,gregor,1
1611,mahnitshme,1
1612,stadium,1
1613,shijuam,1
1614,lojën,1
1615,emocionuese,1
1616,borsh,1
1617,panxhar,1
1618,rrethinat,1
1619,vrapoj,1
1620,riciklojmë,1
1621,forma,1
1622,parim,1
1623,ngelesh,1
1624,rregulloj,1
1625,oti,1
1626,vazhduan,1
1627,eksperimentin,1
1628,natë,1
1629,tilla,1
1630,njerëzve,1
1631,fsheh,1
1632,derës,1
1633,mbajti,1
1634,ndërtesa,1
1635,zuri,1
1636,pamjen,1
1637,boll,1
1638,mbarojmë,1
1639,mësimin,1
1640,paguajë,1
1641,xhazi,1
1642,shqetëso,1
1643,qepur,1
1644,gojën,1
1645,dyshues,1
1646,putra,1
1647,stërmëdhaja,1
1648,vëmendshëm,1
1649,autobusi,1
1650,bukuria,1
1651,sjellja,1
1652,shoqeri,1
1653,diel,1
1654,vijnë,1
1655,udhëtohet,1
1656,natyra,1
1657,prisni,1
1658,psherëtima,1
1659,dashurisë,1
1660,urtësisë,1
1661,tungjatjeta,1
1662,quhem,1
1663,josé,1
1664,silva,1
1665,kushte,1
1666,përbërë,1
1667,sonet,1
1668,mjek,1
1669,biskotë,1
1670,luani,1
1671,xhunglës,1
1672,shqipërise,1
1673,shkokan,1
1674,syze,1
1675,ngul,1
1676,grykë,1
1677,kockë,1
1678,stilolapsi,1
1679,shpirtit,1
1680,shqetësojë,1
1681,miqësi,1
1682,dorëzohem,1
1683,vlen,1
1684,luftoj,1
1685,ndodh,1
1686,gënjeshtër,1
1687,takova,1
1688,plake,1
1689,prekësh,1
1690,bashkuan,1
1691,njihem,1
1692,zgjodhën,1
1693,gjashtëdhjetë,1
1694,deputete,1
1695,oqeani,1
1696,paqësor,1
1697,oqeanet,1
1698,turpi,1
1699,duash,1
1700,hiqte,1
1701,dyshimet,1
1702,mendja,1
1703,llogaritet,1
1704,thua,1
1705,kollar,1
1706,kostumi,1
1707,pra,1
1708,besimtar,1
1709,sugjeroi,1
1710,bënim,1
1711,s'kam,1
1712,biznesi,1
1713,besuar,1
1714,vajtem,1
1715,ndihmoje,1
1716,xhorxhi,1
1717,kapiteni,1
1718,ekipit,1
1719,kafshëve,1
1720,shtëpiake,1
1721,pozicion,1
1722,respektueshëm,1
1723,britania,1
1724,arrijme,1
1725,keti,1
1726,sebashku,1
1727,atehere,1
1728,përkushtimin,1
1729,tallur,1
1730,arrijmë,1
1731,këti,1
1732,sëbashku,1
1733,lëvizja,1
1734,balena,1
1735,blu,1
1736,gjallesa,1
1737,krim,1
1738,caktuar,1
1739,dënueshm,1
1740,përjekur,1
1741,dënueshme,1
1742,prerë,1
1743,kryet,1
1744,konsideruar,1
1745,rajonal,1
1746,marrëdhëniet,1
1747,fqinjësisë,1
1748,shtylla,1
1749,garantojnë,1
1750,paqen,1
1751,mbaje,1
1752,vdisni,1
1753,menyre,1
1754,litare,1
1755,erdha,1
1756,sigurte,1
1757,toke,1
1758,darken,1
1759,sytë,1
1760,mësuesja,1
1761,melanie,1
1762,nuhat,1
1763,fangirl,1
1764,notar,1
1765,diktator,1
1766,foshnjë,1
1767,vrapojnë,1
1768,rusia,1
1769,forcën,1
1770,ler,1
1771,zyrtare,1
1772,bashkimit,1
1773,evropian,1
1774,shqiponja,1
1775,notuar,1
1776,vetëtimën,1
1777,karakter,1
1778,pema,1
1779,gjelbër,1
1780,athina,1
1781,kuptueshme,1
1782,zgjati,1
1783,thika,1
1784,fotograf,1
1785,natyrës,1
1786,emily,1
1787,studente,1
1788,francez,1
1789,kaltër,1
1790,pua,1
1791,banane,1
1792,sekretin,1
1793,kuptojnë,1
1794,arsyeja,1
1795,vathët,1
1796,mëlçia,1
1797,ngasësh,1
1798,pasaportë,1
1799,daneze,1
1800,kineze,1
1801,ishujt,1
1802,ndryshojnë,1
1803,burj,1
1804,khalifa,1
1805,aktualisht,1
1806,qiell,1
1807,gërvishtësja,1
1808,koncepti,1
1809,karakteristikat,1
1810,perrreth,1
1811,natën,1
1812,numri,1
1813,9876,1
1814,5432,1
1815,shoqëria,1
1816,mbulohu,1
1817,zihen,1
1818,qëndron,1
1819,krenare,1
1820,qëllonte,1
1821,bëntë,1
1822,çdonjeri,1
1823,ikur,1
1824,vjodhi,1
1825,diamanti,1
1826,vlefshme,1
1827,beson,1
1828,zgjoj,1
1829,shkruan,1
1830,përhapur,1
1831,pitaja,1
1832,s,1
1833,fruta,1
1834,dragua,1
1835,pasqyron,1
1836,popullor,1
1837,aziatike,1
1838,mijëra,1
1839,pjesëmarrës,1
1840,ngjarjen,1
1841,sotme,1
1842,pjesa,1
1843,dërrmuese,1
1844,kinezëve,1
1845,huajt,1
1846,takim,1
1847,jashtëtokësorët,1
1848,mbarë,1
1849,vishet,1
1850,kërpudha,1
1851,helmuese,1
1852,sistemi,1
1853,ekonomik,1
1854,islamik,1
1855,zbatuar,1
1856,shkollat,1
1857,islamike,1
1858,konvikt,1
1859,mbase,1
1860,shpjegohet,1
1861,copë,1
1862,kohët,1
1863,planifikojmë,1
1864,ndryshime,1
1865,procesin,1
1866,prodhimit,1
1867,bërtit,1
1868,kompjuterave,1
1869,telefona,1
1870,celulare,1
1871,shndritë,1
1872,dielli,1
1873,komb,1
1874,kreu,1
1875,mbret,1
1876,mbretëreshë,1
1877,president,1
1878,drekë,1
1879,njëmbëdhjetë,1
1880,ikësh,1
1881,avion,1
1882,gënjeshtra,1
1883,zakon,1
1884,kamera,1
1885,prodhuar,1
1886,gazetën,1
1887,kuajt,1
1888,prishur,1
1889,panjohur,1
1890,këmb,1
1891,rehat,1
1892,pimë,1
1893,çajin,1
1894,filluam,1
1895,diskutim,1
1896,ikte,1
1897,lexon,1
1898,patjetër,1
1899,laramie,1
1900,ndamë,1
1901,popullit,1
1902,këtej,1
1903,elektrike,1
1904,supozova,1
1905,merrja,1
1906,dyzetetetë,1
1907,shtirë,1
1908,shkonte,1
1909,xhimi,1
1910,deni,1
1911,trenit,1
1912,shtatë,1
1913,vizitoi,1
1914,bashkëshortin,1
1915,skllav,1
1916,zakonave,1
1917,bezdisemi,1
1918,s'ke,1
1919,hall,1
1920,nganjëherë,1
1921,lloj,1
1922,guzhinë,1
1923,babi,1
1924,kthehej,1
1925,9,1
1926,10,1
1927,mbyllur,1
1928,kujtua,1
1929,frikësoi,1
1930,çelësat,1
1931,birra,1
1932,shohë,1
1933,lësh,1
1934,qëllim,1
1935,britanez,1
1936,piceri,1
1937,plagosesh,1
1938,futet,1
1939,herën,1
1940,mbajta,1
1941,anën,1
1942,marrëveshjes,1
1943,konsideroj,1
1944,gjashtëqind,1
1945,vdiqën,1
1946,aksion,1
1947,shijuar,1
1948,shejkspirin,1
1949,kesh,1
1950,origjinal,1
1951,binjak,1
1952,personin,1
1953,cilin,1
1954,takua,1
1955,fshatit,1
1956,muzika,1
1957,gotë,1
1958,hëna,1
1959,dritë,1
1960,gjithandej,1
1961,solle,1
1962,zotëri,1
1963,diskutuar,1
1964,ofroi,1
1965,filxhan,1
1966,numëroi,1
1967,100,1
1968,kësaj,1
1969,supe,1
1970,çik,1
1971,departamentet,1
1972,federale,1
1973,goditur,1
1974,ndalim,1
1975,punësimi,1
1976,përpjekje,1
1977,kostot,1
1978,stafit,1
1979,qeveritar,1
1980,arrestuar,1
1981,avioni,1
1982,ktheva,1
1983,gatuante,1
1984,adhuron,1
1985,kundër,1
1986,nesh,1
1987,pish,1
1988,dera,1
1989,lyhet,1
1990,situata,1
1991,notosh,1
1992,shtator,1
1993,salla,1
1994,gjyqit,1
1995,ndier,1
1996,supet,1
1997,buzëqeshje,1
1998,fitimtare,1
1999,buzët,1
2000,birrë,1
2001,uji,1
2002,nevojshëm,1
2003,heshtja,1
2004,marrëveshje,1
2005,sqaroi,1
2006,detaj,1
2007,punësojë,1
2008,punësuar,1
2009,avokat,1
2010,ndonjëri,1
2011,lejon,1
2012,t,1
2013,përgjigjem,1
2014,amerikan,1
2015,kompletuar,1
2016,lexoje,1
2017,ramudi,1
2018,babait,1
2019,mbërritur,1
2020,mbyllja,1
2021,syve,1
2022,ichiro,1
2023,zonë,1
2024,natyrisht,1
2025,mirësevini,1
2026,proletarë,1
2027,vendeve,1
2028,bashkohuni,1
2029,shfletuese,1
2030,parisin,1
2031,filxhane,1
2032,përkthyer,1
2033,këshillë,1
2034,blerjen,1
2035,aksioneve,1
2036,nëqoftëse,1
2037,dehur,1
2038,njohim,1
2039,frikëson,1
2040,shëndoshesh,1
2041,diplomuar,1
2042,zvarraniket,1
2043,s'kanë,1
2044,studion,1
2045,sovietolog,1
2046,rreshqisni,1
2047,kurthë,1
2048,lënde,1
2049,shpik,1
2050,pasurit,1
2051,varfërit,1
2052,shihni,1
2053,çatinë,1
2054,baker,1
2055,vranë,1
2056,krenarinë,1
2057,brinjë,1
2058,kontaktuar,1
2059,ndërmjetësin,1
2060,fjalor,1
2061,pirg,1
2062,thes,1
2063,përmbahet,1
2064,grimë,1
2065,sosi,1
2066,miellin,1
2067,bukën,1
2068,lakrorin,1
2069,gjellën,1
2070,ujin,1
2071,përfytyrohet,1
2072,paralajmëruese,1
2073,keqeje,1
2074,ndjell,1
2075,fantazma,1
2076,krizës,1
2077,droga,1
2078,veprimi,1
2079,kuptimeve,1
2080,foljeve,1
2081,sosem,1
2082,vëllam,1
2083,hapësh,1
2084,restorantin,1
2085,leximi,1
2086,librave,1
2087,privilegj,1
2088,pakice,1
2089,ditëlindja,1
2090,pardje,1
2091,përdorësh,1
2092,përsosur,1
2093,kalin,1
2094,lindjen,1
2095,nipin,1
2096,lindë,1
2097,hashimoto,1
2098,gjen,1
2099,biblioteka,1
2100,tregu,1
2101,stomaku,1
2102,problemet,1
2103,shteti,1
2104,durrësi,1
2105,gegërishtja,1
2106,veri,1
2107,lumit,1
2108,shkumbin,1
2109,fundjavën,1
2110,ndryshojmë,1
2111,jiro,1
2112,perfeksioni,1
2113,mërzitshëm,1
2114,vdesësh,1
2115,dreqin,1
2116,doktorësh,1
2117,miqësorë,1
2118,papastër,1
2119,oh,1
2120,suksesin,1
2121,tretë,1
2122,turist,1
2123,jezusi,1
2124,binte,1
2125,kuzhinier,1
2126,plot,1
2127,flisja,1
2128,filma,1
2129,disney,1
2130,çelësin,1
2131,dhuratë,1
2132,jastëkun,1
2133,bleja,1
2134,madje,1
2135,pjatat,1
2136,afrika,1
2137,kontinent,1
2138,organizuar,1
2139,kthe,1
2140,islanda,1
2141,ishull,1
2142,teorinë,1
2143,premtimin,1
2144,beso,1
2145,ashtu,1
2146,pavarur,1
2147,prishtina,1
2148,kosovës,1
2149,ballkanik,1
2150,rumanisë,1
2151,românia,1
2152,rumanisht,1
2153,kombëtar,1
2154,brukenthal,1
2155,zyrtarisht,1
2156,hobi,1
2157,mësoi,1
2158,shenjave,1
2159,uralike,1
2160,keltike,1
2161,internacionale,1
2162,prusishtja,1
2163,baltike,1
2164,vjetra,1
2165,preferuar,1
2166,greqishtja,1
2167,rumanishtja,1
2168,latine,1
2169,gjermanishtja,1
2170,rusishtja,1
2171,sllave,1
2172,lexo,1
2173,fantazmë,1
2174,meshkujt,1
2175,prindërve,1
2176,ecur,1
2177,darka,1
2178,shijshme,1
2179,krijesë,1
2180,kalë,1
2181,kaftë,1
2182,zakonshme,1
2183,televizoni,1
2184,shtetëror,1
2185,transmeton,1
2186,lajmet,1
2187,pyll,1
2188,derr,1
2189,egër,1
2190,vendimi,1
2191,shpallet,1
2192,endem,1
2193,merimangat,1
2194,insekte,1
2195,tetëkëmbëshe,1
2196,çmendur,1
2197,dashuron,1
2198,kuaj,1
2199,sezon,1
2200,veror,1
2201,burimet,1
2202,njerëzore,1
2203,jetoi,1
2204,trishtë,1
2205,shpresuar,1
2206,birin,1
2207,nëntë,1
2208,largove,1
2209,shmangej,1
2210,takimit,1
2211,mbante,1
2212,fotografinë,1
2213,ndërruar,1
2214,bijë,1
2215,tregonte,1
2216,ëma,1
2217,vepra,1
2218,rrezik,1
2219,shprehu,1
2220,amerikës,1
2221,këshillin,1
2222,sigurimit,1
2223,organizatës,1
2224,kombeve,1
2225,ylber,1
2226,lumturua,1
2227,dhimbje,1
2228,krah,1
2229,pushonte,1
2230,burgut,1
2231,agroni,1
2232,zog,1
2233,fluturonte,1
2234,ndjeu,1
2235,shijonte,1
2236,lirinë,1
2237,luajë,1
2238,rolin,1
2239,princeshës,1
2240,njejtë,1
2241,hungarisht,1
2242,loja,1
2243,gjobë,1
2244,brigitte,1
2245,hollandez,1
2246,madrid,1
2247,kryeqytetin,1
2248,spanjës,1
2249,kolumbia,1
2250,motrat,1
2251,motër,1
2252,kuptuar,1
2253,sharje,1
2254,ofendime,1
2255,diell,1
2256,diagnostifikua,1
2257,pneunomi,1
2258,genci,1
2259,ngjit,1
2260,kërkonin,1
2261,barabarta,1
2262,ngjyra,1
2263,verdhë,1
2264,kërko,1
2265,lumturinë,1
2266,ekziston,1
2267,ëndërrat,1
2268,përpoqën,1
2269,zbulonin,1
2270,dardha,1
2271,njeriun,1
2272,ujk,1
2273,ndalen,1
2274,opsione,1
2275,dentisti,1
2276,vdisja,1
2277,përpoq,1
2278,vriste,1
2279,talentuar,1
2280,humbasim,1
2281,shpresën,1
2282,fiton,1
2283,ftohti,1
2284,konsiderojnë,1
2285,divorcin,1
2286,dhashë,1
2287,kuti,1
2288,lojës,1
2289,fundjavë,1
2290,zgjodh,1
2291,kryebashkiak,1
2292,tregoni,1
2293,trap,1
2294,shkuat,1
2295,dadoja,1
2296,thyer,1
2297,këmbën,1
2298,blesh,1
2299,harroni,1
2300,bleni,1
2301,kryeministri,1
2302,danub,1
2303,çadër,1
2304,skllevërit,1
2305,konsideroheshin,1
2306,pronë,1
2307,macen,1
2308,fillojmë,1
2309,pajtua,1
2310,ndihmonte,1
2311,aktivist,1
2312,drejtat,1
2313,shikova,1
2314,pasqyrë,1
2315,gjyshi,1
2316,arkeolog,1
2317,heroi,1
2318,ec,1
2319,milje,1
2320,shënim,1
2321,planifikon,1
2322,marian,1
2323,lexonte,1
2324,shikuam,1
2325,laje,1
2326,mollën,1
2327,gatimet,1
2328,pastrojmë,1
2329,ati,1
2330,zure,1
2331,sjellësh,1
2332,kostumin,1
2333,banjës,1
2334,betua,1
2335,hakmarrje,1
2336,dashurën,1
2337,ëmbëlsira,1
2338,akullorja,1
2339,rezultati,1
2340,final,1
2341,rrugët,1
2342,new,1
2343,yorkut,1
2344,gjera,1
2345,pabesueshme,1
2346,krishtlindjet,1
2347,puno,1
2348,thellë,1
2349,zonjat,1
2350,parat,1
2351,paç,1
2352,ndiq,1
2353,qesha,1
2354,turpshme,1
2355,vitet,1
2356,kaluan,1
2357,këndojnë,1
2358,qeshi,1
2359,buzëqeshi,1
2360,zgjohu,1
2361,fantazmat,1
2362,ekzistojnë,1
2363,mirëmbrëma,1
2364,dorëheqje,1
2365,zgjidh,1
2366,shtuat,1
2367,lumtë,1
2368,kthehu,1
2369,djathtas,1
2370,teje,1
2371,largohu,1
2372,ska,1
2373,pajtohemi,1
2374,zhduku,1
2375,vrapo,1
2376,thirri,1
2377,heq,1
2378,dorë,1
2379,shampanjë,1
2380,gënjejnë,1
2381,bëhu,1
2382,zjarr,1
2383,qetësohu,1
2384,fal,1
2385,vetvetja,1
2386,fituan,1
2387,bashko,1
2388,leximin,1
2389,shpëto,1
2390,përqafo,1
2391,qesh,1
2392,paditësh,1
2393,luftë,1
2394,koka,1
2395,dukesh,1
2396,flinte,1
2397,eksperiencë,1
2398,pushua,1
2399,vuaj,1
2400,shtrenjtë,1
2401,mjekësisë,1
2402,frika,1
2403,dalja,1
2404,gënjen,1
2405,rregulluar,1
2406,azil,1
2407,politik,1
2408,bëhem,1
2409,astronaut,1
2410,planit,1
2411,efektive,1
2412,nda,1
2413,ulesh,1
2414,prona,1
2415,nikotina,1
2416,shqetësohesh,1
2417,respektoj,1
2418,pikëpamjet,1
2419,prisja,1
2420,ndalo,1
2421,mcdonald's,1
2422,vezët,1
2423,tregon,1
2424,lëndo,1
2425,askënd,1
2426,falas,1
2427,layla,1
2428,vetmuar,1
2429,shkretëtirë,1
2430,tenis,1
2431,provove,1
2432,provuat,1
2433,dil,1
2434,kuzhiniere,1
2435,plagët,1
2436,vetëshkaktuara,1
2437,lejohet,1
2438,lejohesh,1
2439,frengjisht,1
2440,dollarë,1
2441,senduiç,1
2442,pastroi,1
2443,rrobat,1
2444,dikuj,1
2445,trembej,1
2446,trembte,1
2447,injoron,1
2448,briliant,1
2449,piano,1
2450,pianon,1
2451,arriti,1
2452,krenarë,1
2453,berlin,1
2454,vllah,1
2455,33,1
2456,mamanë,1
2457,top,1
2458,djem,1
2459,bërtet,1
2460,rëndon,1
2461,dimri,1
2462,rritem,1
2463,postieri,1
2464,shpërndan,1
2465,postën,1
2466,polici,1
2467,rregull,1
2468,mërkurë,1
2469,martë,1
2470,enjte,1
2471,12,1
2472,stinët,1
2473,pafshim,1
2474,italian,1
2475,dyshimtë,1
2476,shpata,1
2477,mbrojtur,1
2478,gënjeshtar,1
2479,lëndohesh,1
2480,oqean,1
2481,përballoj,1
2482,merrem,1
2483,humbas,1
2484,afroje,1
2485,tavolinës,1
2486,pastroje,1
2487,pastro,1
2488,vëllau,1
2489,vazhdon,1
2490,dhimbja,1
2491,kërkonte,1
2492,desha,1
2493,mësueses,1
2494,profesorit,1
2495,profesoreshës,1
2496,gjermaninë,1
2497,stampa,1
2498,pulla,1
2499,postës,1
2500,matt,1
2501,rita,1
2502,rinj,1
2503,llogaria,1
2504,zbrazur,1
2505,humbje,1
2506,shohim,1
2507,hedhim,1
2508,lejo,1
2509,lëndojnë,1
2510,zgjohem,1
2511,natës,1
2512,paralajmëroj,1
2513,shqipton,1
2514,shqiptoni,1
2515,largo,1
2516,pengjet,1
2517,lirohen,1
2518,shpresa,1
2519,ushqen,1
2520,familjet,1
2521,qiellin,1
2522,kaluarën,1
2523,rrëfyer,1
2524,shkruajnë,1
2525,beduinë,1
2526,shkretëtirën,1
2527,qëndro,1
2528,parqet,1
2529,rraca,1
2530,rralla,1
2531,kafshësh,1
2532,tematikë,1
2533,rriten,1
2534,popullaritet,1
2535,shfarosja,1
2536,evolucionit,1
2537,fol,1
2538,gjalpë,1
2539,nenexhik,1
2540,reçel,1
2541,pjeshkë,1
2542,gjejme,1
2543,veshtiresi,1
2544,dakort,1
2545,qendroje,1
2546,peme,1
2547,katert,1
2548,gjimnazit,1
2549,pelqen,1
2550,largohen,1
2551,bostoni,1
2552,billi,1
2553,qendroi,1
2554,zyre,1
2555,drejte,1
2556,ankesen,1
2557,tende,1
2558,jashtezakonisht,1
2559,gjende,1
2560,perpiqej,1
2561,kapi,1
2562,sasi,1
2563,droge,1
2564,ndryshoje,1
2565,amerikaneve,1
2566,rusveltin,1
2567,pjese,1
2568,vendit,1
2569,alkolizuar,1
2570,gjeniale,1
2571,morra,1
2572,japin,1
2573,cmim,1
2574,darke,1
2575,planifikonin,1
2576,martoheshin,1
2577,benin,1
2578,plane,1
2579,shikonin,1
2580,that,1
2581,bej,1
2582,menyren,1
2583,thene,1
2584,verteten,1
2585,mjaftueshem,1
2586,ebay,1
2587,patjeter,1
2588,asnjhere,1
2589,doje,1
2590,mennadi,1
2591,trajton,1
2592,bajan,1
2593,ditur,1
2594,takoi,1
2595,njerezish,1
2596,lajthitur,1
2597,heret,1
2598,opsionet,1
2599,nevojshme,1
2600,vleren,1
2601,shendetit,1
2602,miremengjes,1
2603,trafik,1
2604,rt,1
2605,19,1
2606,verdha,1
2607,vendosi,1
2608,riktheji,1
2609,jepi,1
2610,mësova,1
2611,reforma,1
2612,protestante,1
2613,sjell,1
2614,biblën,1
2615,vulgare,1
2616,mendim,1
2617,lejoj,1
2618,vuan,1
2619,gudulisjet,1
2620,trëndafila,1
2621,zambak,1
2622,kopështin,1
2623,dorëzua,1
2624,mikja,1
2625,anija,1
2626,kaloi,1
2627,urës,1
2628,marikën,1
2629,ndrishoj,1
2630,furrnizuesin,1
2631,sipërmarrje,1
2632,diferencë,1
2633,njëjta,1
2634,celular,1
2635,celulari,1
2636,trrasha,1
2637,juaja,1
2638,maleziane',1
2639,ndaloni,1
2640,pushoni,1
2641,ndërpreni,1
2642,fut,1
2643,argëtohen,1
2644,takojë,1
2645,përparim,1
2646,përparoj,1
2647,eshtë,1
2648,turp,1
2649,ndehën,1
2650,fajësosh,1
2651,dëshpëruar,1
2652,pyes,1
2653,krishtëlindjet,1
2654,shoqëroni,1
2655,hodhi,1
2656,gjuajti,1
2657,s'bëra,1
2658,hedhur,1
2659,gjellë,1
2660,syshkelje,1
2661,shkelje,1
2662,syri,1
2663,shikojnë,1
2664,dyqane,1
2665,thuajini,1
2666,pastronte,1
2667,mundeshim,1
2668,imagjinonim,1
2669,pauli,1
2670,vije,1
2671,ngjyt,1
2672,shkallëve,1
2673,dytë,1
2674,drejtpërdrejtë,1
2675,pohimin,1
2676,konkurrencë,1
2677,mbledhjen,1
2678,javës,1
2679,algjeri,1
2680,organizëm,1
2681,njëqelizon,1
2682,qelizë,1
2683,ngroha,1
2684,çoni,1
2685,shpi,1
2686,mbrëma,1
2687,premte,1
2688,fejuari,1
2689,programe,1
2690,serioz,1
2691,pija,1
2692,privacy,1
2693,bachu,1
2694,mikpritjen,1
2695,pishina,1
2696,etike,1
2697,mu,1
2698,deshën,1
2699,riprogramuar,1
2700,'unë,1
2701,ngjytem,1
2702,palmë,1
2703,kapem,1
2704,degët,1
2705,saj',1
2706,dëshiroja,1
2707,kundërtën,1
2708,thirrmëni,1
2709,laptop,1
2710,varreza,1
2711,spanjë,1
2712,atyre,1
2713,islandë,1
2714,studime,1
2715,trrashëgoi,1
2716,ndërmarrjen,1
2717,familjes,1
2718,ofenodi,1
2719,lexoni,1
2720,muaji,1
2721,kampania,1
2722,ndjek,1
2723,çekiçi,1
2724,thyen,1
2725,dyert,1
2726,qiellit,1
2727,flinin,1
2728,varfër,1
2729,ventilatorin,1
2730,argëtohet,1
2731,fyeva,1
2732,mirqënë,1
2733,rregulloni,1
2734,vajzës,1
2735,bazat,1
2736,turqi,1
2737,ndihmojmë,1
2738,shiu,1
2739,nomofob,1
2740,video,1
2741,pavarsisht,1
2742,aparencës,1
2743,pastër,1
2744,pafajshme,1
2745,hyrën,1
2746,hynin,1
2747,festa,1
2748,djelën,1
2749,dëgjova,1
2750,menazheri,1
2751,filialit,1
2752,sidenit,1
2753,dukesha,1
2754,emocionuar,1
2755,font,1
2756,dridhej,1
2757,gjethe,1
2758,mbështeteni,1
2759,trishtim,1
2760,qeshnin,1
2761,flisnit,1
2762,lagje,1
2763,folët,1
2764,ndërmjet,1
2765,zgjidhjeve,1
2766,zgjedhim,1
2767,mirën,1
2768,danimark,1
2769,qeshur,1
2770,shpresojmë,1
2771,drekën,1
2772,përfitoni,1
2773,shfaqet,1
2774,tempull,1
2775,mëi,1
2776,propozuar,1
2777,hajë,1
2778,sende,1
2779,hekuri,1
2780,borrxh,1
2781,abc,1
2782,gërma,1
2783,bindur,1
2784,asnjeri,1
2785,përfshirë,1
2786,lojërat,1
2787,fantasy,1
2788,përdorte,1
2789,koncert,1
2790,paketë,1
2791,paktë,1
2792,miqësira,1
2793,radha,1
2794,serb,1
2795,hotel,1
2796,hoteli,1
2797,supermarketi,1
2798,pohim,1
2799,paku,1
2800,ura,1
2801,muajin,1
2802,kopësht,1
2803,mirëseerdhe,1
2804,wikipedia,1
2805,enciklopedia,1
2806,kushdo,1
2807,ndryshojë,1
2808,djalit,1
2809,fiks,1
2810,fitove,1
2811,katolike,1
2812,ngjytësin,1
2813,mesme,1
2814,sivjet,1
2815,prodhoi,1
2816,mbusha,1
2817,20,1
2818,vrap,1
2819,frikësuar,1
2820,kinema,1
2821,kapte,1
2822,përditësimi,1
2823,pëlqejë,1
2824,gjeta,1
2825,hotelin,1
2826,tejmbushur,1
2827,kopjoni,1
2828,shprehjet,1
2829,dasain,1
2830,pikërisht,1
2831,shkatërrimi,1
2832,ynë,1
2833,drejtën,1
2834,autostrada,1
2835,lartësita,1
2836,mërzitni,1
2837,sheqerin,1
2838,braktisin,1
2839,klasës,1
2840,urrenin,1
2841,akulli,1
2842,meksikan,1
2843,zanatin,1
2844,dikujt,1
2845,s'e,1
2846,gjejnë,1
2847,romanet,1
2848,norvegji,1
2849,provo,1
2850,salcën,1
2851,gënjeu,1
2852,dinë,1
2853,spanjishten,1
2854,polak,1
2855,shprehje,1
2856,ferma,1
2857,gënjente,1
2858,hollësitë,1
2859,sjellë,1
2860,babagjyshi,1
2861,krishtlindje,1
2862,vetëvra,1
2863,shkak,1
2864,depresioni,1
2865,analizuar,1
2866,jan,1
2867,profesoreshat,1
2868,zgjodhët,1
2869,mbretëresha,1
2870,ballos,1
2871,larja,1
2872,dhëmbëve,1
2873,paraprirë,1
2874,karieve,1
2875,çoj,1
2876,prirura,1
2877,qëndrojë,1
2878,vrasës,1
2879,qetësohesh,1
2880,ëndërrojmë,1
2881,mendoja,1
2882,përgjigjet,1
2883,ishalla,1
2884,makar,1
2885,tëmerrshme,1
2886,trondit,1
2887,regullin,1
2888,universit,1
2889,akiko,1
2890,sachiko,1
2891,njihnit,1
2892,mesazhin,1
2893,dobëta,1
2894,enjten,1
2895,matematikë,1
2896,rrethua,1
2897,terroristë,1
2898,pranoja,1
2899,tokyo,1
2900,pastroni,1
2901,dritaret,1
2902,marien,1
2903,motin,1
2904,bërëm,1
2905,shfytyroj,1
2906,skuadrën,1
2907,personazh,1
2908,rremë,1
2909,adhuroj,1
2910,udhëtimet,1
2911,kthyen,1
2912,premto,1
2913,themi,1
2914,minutë,1
2915,ngusht,1
2916,indonezian,1
2917,lituaneze,1
2918,njihte,1
2919,sporti,1
2920,muzikës,1
2921,ndodhte,1
2922,doktorrat,1
2923,bullgarë,1
2924,foli,1
2925,mungoni,1
2926,ngrohu,1
2927,studentët,1
2928,mirët,1
2929,zvogëlohen,1
2930,dukeshe,1
2931,çuditur,1
2932,provonim,1
2933,mbanim,1
2934,fshehtë,1
2935,hollësira,1
2936,martohet,1
2937,qumështin,1
2938,urritut,1
2939,shoqe,1
2940,përkthen,1
2941,hiqe,1
2942,nëpër,1
2943,quani,1
2944,bob,1
2945,gjuhësh,1
2946,greqisht,1
2947,kinezisht,1
2948,portugalia,1
2949,sigurta,1
2950,gabon,1
2951,rrrëfemë,1
2952,rrëfe,1
2953,ndihmone,1
2954,lag,1
2955,luar,1
2956,baseball,1
2957,koreografia,1
2958,brezi,1
2959,luftës,1
2960,betohem,1
2961,pash,1
2962,superman,1
2963,kërcej,1
2964,ndehem,1
2965,produktive,1
2966,ndahen,1
2967,grupe,1
2968,secili,1
2969,nxjerr,1
2970,salçiçen,1
2971,kullë,1
2972,vazhdojmë,1
2973,diskutimin,1
2974,rastin,1
2975,falenderosh,1
2976,dhuratën,1
2977,hera,1
2978,funit,1
2979,pushoi,1
2980,ndershëm,1
2981,kamerunese,1
2982,suedez,1
2983,lejojmë,1
2984,palestinez,1
2985,hajdutët,1
2986,shkëmbimi,1
2987,shkurtër,1
2988,zjarri,1
2989,polic,1
2990,irlandë,1
2991,rezervë,1
2992,materialist,1
2993,flasim,1
2994,parisi,1
2995,botës,1
2996,gjet,1
2997,garazhin,1
2998,kompetencat,1
2999,fushë,1
3000,lëmë,1
3001,kujt,1
3002,rrugën,1
3003,pemën,1
3004,spatë,1
3005,përballuar,1
3006,koston,1
3007,ndërvepron,1
3008,publikun,1
3009,bibloteka,1
3010,heqja,1
3011,metaforës,1
3012,pakëshillueshme,1
3013,letrar,1
3014,pjesërisht,1
3015,informues,1
3016,zë,1
3017,pakëndshëm,1
3018,përgjegjësi,1
3019,morale,1
3020,vepruar,1
3021,rrjeshta,1
3022,lexosh,1
3023,esperantoja,1
3024,pavend,1
3025,njëherë,1
3026,mbyta,1
3027,kikirik,1
3028,shkohet,1
3029,diktaturës,1
3030,kurajoze,1
3031,xhim,1
3032,it,1
3033,ganeze,1
3034,ftohemi,1
3035,gjuajtën,1
3036,patenta,1
3037,skadon,1
3038,fatlum,1
3039,probabël,1
3040,presë,1
3041,rrugicë,1
3042,akullt,1
3043,edukuar,1
3044,gjuhës,1
3045,kushërinjjtë,1
3046,konservoj,1
3047,kompjuterin,1
3048,baza,1
3049,ushtarake,1
3050,nxitim,1
3051,vjan,1
3052,vdekje,1
3053,rusishten,1
3054,budalla,1
3055,besoje,1
3056,ripërdorni,1
3057,zvicera,1
3058,tërësisht,1
3059,pavlerë,1
3060,zihet,1
3061,niger,1
3062,fuqia,1
3063,mjafton,1
3064,motorr,1
3065,irlandezë,1
3066,ndodhin,1
3067,shoqet,1
3068,spanjolle,1
3069,barnatore,1
3070,barnat,1
3071,nise,1
3072,histori,1
3073,mbulesa,1
3074,kopertina,1
3075,botim,1
3076,babush,1
3077,trajtoje,1
3078,shpjegoj,1
3079,pike,1
3080,miqësia,1
3081,antike,1
3082,drejtohu,1
3083,lindja,1
3084,shkoja,1
3085,flija,1
3086,erdhëm,1
3087,mbërritëm,1
3088,kushërinjtë,1
3089,kokumbiane,1
3090,devotshmëria,1
3091,ndihmë,1
3092,djeg,1
3093,salca,1
3094,pikante,1
3095,evoluoi,1
3096,aplikoni,1
3097,teori,1
3098,komunikojë,1
3099,shprehë,1
3100,gjyshet,1
3101,bleve,1
3102,jargët,1
3103,palumtur,1
3104,gjokset,1
3105,ëndërr,1
3106,mallëngjyera,1
3107,kendos,1
3108,osaka,1
3109,asgjëkundi,1
3110,rritja,1
3111,normale,1
3112,maçok,1
3113,administroj,1
3114,inteligjent,1
3115,etipoas,1
3116,vetmet,1
3117,kushëririt,1
3118,frutë,1
3119,përqafojë,1
3120,kërkove,1
3121,përgjegjësia,1
3122,pranuan,1
3123,kapmin,1
3124,mbërriti,1
3125,klait,1
3126,rrjedhshëm,1
3127,t'jua,1
3128,thonit,1
3129,kapele,1
3130,njëqind,1
3131,dakord,1
3132,lëviz,1
3133,somali,1
3134,lëkurën,1
3135,hapura,1
3136,pyesni,1
3137,maary,1
3138,letër,1
3139,xhudit,1
3140,duhe,1
3141,vazhdojnë,1
3142,optimiste,1
3143,ankesa,1
3144,sasisë,1
3145,zhurmës,1
3146,apartamenti,1
3147,doktorreshat,1
3148,vietnameze,1
3149,majë,1
3150,hundës,1
3151,porositja,1
3152,pica,1
3153,gjetë,1
3154,mbeturinore,1
3155,1974,1
3156,mbarshtrimore,1
3157,injorojmë,1
3158,adhuruar,1
3159,idhujt,1
3160,mësojnë,1
3161,mbrëmja,1
3162,magjistar,1
3163,iluzionist,1
3164,scotch,1
3165,ndihmojnë,1
3166,gjendja,1
3167,përshëndet,1
3168,shtatzënë,1
3169,mbajë,1
3170,fëmijën,1
3171,besojmë,1
3172,ekzistencën,1
3173,zotit,1
3174,dh,1
3175,kthjellët,1
3176,fushata,1
3177,zgjedhore,1
3178,sukses,1
3179,zgjedhjet,1
3180,thirra,1
3181,vihu,1
3182,radhë,1
3183,tjerët,1
3184,betejë,1
3185,dymijë,1
3186,gjashtëmbëdhjetës,1
3187,suedeze,1
3188,natyrist,1
3189,fadili,1
3190,fushëlojëra,1
3191,cepin,1
3192,këndi,1
3193,kushtojnë,1
3194,dardhat,1
3195,njohin,1
3196,vlerësojnë,1
3197,vëllezërit,1
3198,spanjollë,1
3199,lajmërohet,1
3200,shkatërrimtar,1
3201,vidjolojëra,1
3202,mbarojë,1
3203,album,1
3204,foto,1
3205,heqin,1
3206,frymëmarrjen,1
3207,gëzimi,1
3208,filozofal,1
3209,shëndërron,1
3210,ar,1
3211,mirësjellshmërinë,1
3212,xhentilecën,1
3213,ofrojnë,1
3214,zyrën,1
3215,punësimit,1
3216,maqedoni,1
3217,mbrapa,1
3218,kupë,1
3219,zvicerjane,1
3220,trajtim,1
3221,qëndrës,1
3222,pyetjet,1
3223,çikërrima,1
3224,ekuipazhit,1
3225,desh,1
3226,linte,1
3227,anijen,1
3228,fundosej,1
3229,liri,1
3230,mbërrish,1
3231,çelin,1
3232,pranverë,1
3233,provova,1
3234,vrisja,1
3235,rezervim,1
3236,ndërtoja,1
3237,kërcënoje,1
3238,rezervuar,1
3239,fluturimet,1
3240,rrallë,1
3241,saksi,1
3242,ç'ka,1
3243,s'shkon,1
3244,vjeshtërore,1
3245,fillojë,1
3246,frinte,1
3247,mjekët,1
3248,jetuar,1
3249,benzinëshitësit,1
3250,grevë,1
3251,austri,1
3252,dyqind,1
3253,dollar,1
3254,taksa,1
3255,fajtor,1
3256,vrasje,1
3257,porositur,1
3258,mashtrime,1
3259,denoncojnë,1
3260,skoci,1
3261,gjyko,1
3262,promovim,1
3263,salvuccion,1
3264,xhulias,1
3265,gatuar,1
3266,ushqimin,1
3267,fajet,1
3268,tjerëve,1
3269,marri,1
3270,detyrë,1
3271,nënat,1
3272,estoneze,1
3273,mugojnë,1
3274,drekat,1
3275,imi,1
3276,humbte,1
3277,harrxhoja,1
3278,rekuperuar,1
3279,gramatikës,1
3280,përshpëriti,1
3281,intereson,1
3282,vite,1
3283,studiova,1
3284,komësie,1
3285,maqedonas,1
3286,besim,1
3287,solli,1
3288,bëje,1
3289,mashtron,1
3290,banuar,1
3291,pirë,1
3292,hundën,1
3293,pijshëm,1
3294,ekspert,1
3295,financë,1
3296,anije,1
3297,bojaxhi,1
3298,gjojta,1
3299,qëllova,1
3300,premtuat,1
3301,besohej,1
3302,ulem,1
3303,pranë,1
3304,mirënjohës,1
3305,merrje,1
3306,respektonte,1
3307,motrën,1
3308,piva,1
3309,fshihni,1
3310,argëtohu,1
3311,ndjen,1
3312,tip,1
3313,dhembje,1
3314,gatuaj,1
3315,studioj,1
3316,fizikë,1
3317,parashikimet,1
3318,motit,1
3319,kënaqësi,1
3320,inatosura,1
3321,përshtatshëm,1
3322,vozitnim,1
3323,ushtria,1
3324,përparoi,1
3325,armikut,1
3326,veshja,1
3327,absolutisht,1
3328,këmbënguli,1
3329,lojtur,1
3330,ndeshje,1
3331,gatshëm,1
3332,bisedoja,1
3333,cilindo,1
3334,fituam,1
3335,medaljen,1
3336,bronxtë,1
3337,mosmarrëveshjet,1
3338,zgjidhen,1
3339,klimë,1
3340,nervozohem,1
3341,vazhdonte,1
3342,fiksonte,1
3343,personalisht,1
3344,truri,1
3345,organ,1
3346,kompleks,1
3347,kishit,1
3348,shpëtuar,1
3349,mbytur,1
3350,kërcejë,1
3351,pamje,1
3352,pandjeshëm,1
3353,njjihni,1
3354,ndihem,1
3355,çliruar,1
3356,turpërove,1
3357,getter,1
3358,jaanit,1
3359,argëtohuni,1
3360,filloja,1
3361,dyshoj,1
3362,historia,1
3363,marrësh,1
3364,varrimin,1
3365,shqetësoj,1
3366,dohet,1
3367,poloninë,1
3368,kultivo,1
3369,kastravec,1
3370,përdore,1
3371,dashuruar,1
3372,premtoi,1
3373,shenjë,1
3374,shprese,1
3375,dukeni,1
3376,gramatika,1
3377,frëngjishtes,1
3378,ndershme,1
3379,vish,1
3380,konfuz,1
3381,kërkojmë,1
3382,bangladesh,1
3383,rezervonin,1
3384,blerë,1
3385,7,1
3386,15,1
3387,fustan,1
3388,gënjeshtarët,1
3389,parashikuar,1
3390,dru,1
3391,tymin,1
3392,rezervojnë,1
3393,çojmë,1
3394,mantova,1
3395,talleshe,1
3396,asnjërit,1
3397,tremb,1
3398,linit,1
3399,thonë,1
3400,varrosur,1
3401,hiqi,1
3402,duart,1
3403,fillime,1
3404,vepër,1
3405,at,1
3406,parapëlqej,1
3407,sesa,1
3408,turpëruar,1
3409,komentoj,1
3410,lidhje,1
3411,ç'a,1
3412,risi,1
3413,shoqërio,1
3414,restoranit,1
3415,përgjigjesh,1
3416,ndershmëri,1
3417,afrikë,1
3418,egra,1
3419,biblotekë,1
3420,vrarë,1
3421,punosh,1
3422,aftë,1
3423,filluan,1
3424,meje,1
3425,fyese,1
3426,komunikosh,1
3427,lodhet,1
3428,këqijave,1
3429,harrojmë,1
3430,gjithsesi,1
3431,shifra,1
3432,denoncuar,1
3433,afërsisht,1
3434,rritje,1
3435,page,1
3436,j'ua,1
3437,dha,1
3438,vazhdimisht,1
3439,televizorin,1
3440,ndihmoja,1
3441,shokët,1
3442,vraponi,1
3443,shkelmuar,1
3444,notojnë,1
3445,lumë,1
3446,curryt,1
3447,pagesën,1
3448,masë,1
3449,mbrojtëse,1
3450,ugandë,1
3451,letra,1
3452,finlandisht,1
3453,proçesverbalin,1
3454,stilolapin,1
3455,rozë,1
3456,vazhdosh,1
3457,portugez,1
3458,paedukatë,1
3459,arrija,1
3460,mbaja,1
3461,inatin,1
3462,qumësht,1
3463,drithërat,1
3464,kursi,1
3465,ështv,1
3466,ari,1
3467,kufomë,1
3468,hapsirë,1
3469,televizion,1
3470,obsesive,1
3471,stilit,1
3472,shiste,1
3473,tijë,1
3474,varka,1
3475,provoj,1
3476,humbësh,1
3477,trenin,1
3478,vozitur,1
3479,beqar,1
3480,pula,1
3481,martuara,1
3482,fisje,1
3483,panë,1
3484,qetësohemi,1
3485,qetësohuni,1
3486,nervozoni,1
3487,pah,1
3488,kthye,1
3489,pës,1
3490,studim,1
3491,vishej,1
3492,budallëk,1
3493,livadhi,1
3494,tranjer,1
3495,preveroj,1
3496,punësoj,1
3497,përkthejnë,1
3498,amtare,1
3499,kuptim,1
3500,fabrika,1
3501,shaka,1
3502,ndërkohë,1
3503,fillonte,1
3504,fitonte,1
3505,bashkiak,1
3506,normal,1
3507,doktorri,1
3508,pacientet,1
3509,ruse,1
3510,shkonim,1
3511,menduam,1
3512,studionim,1
3513,përsëriteni,1
3514,pranoj,1
3515,blen,1
3516,evaziv,1
3517,votimi,1
3518,detyrueshëm,1
3519,mashtrim,1
3520,udhëtimi,1
3521,anulluar,1
3522,stuhie,1
3523,tmerrshme,1
3524,dëshiroj,1
3525,teke,1
3526,praktikë,1
3527,pret,1
3528,hyrja,1
3529,kryesore,1
3530,ç'kanë,1
3531,njohje,1
3532,irlandeze,1
3533,pronësi,1
3534,posedoj,1
3535,terren,1
3536,bazën,1
3537,forcës,1
3538,rekomandimit,1
3539,hodhën,1
3540,vjetëra,1
3541,mohoi,1
3542,krokodil,1
3543,kafshoi,1
3544,ndryshonin,1
3545,mbarshtrorse,1
3546,bjellorusi,1
3547,hokkaido,1
3548,dukshëm,1
3549,mërkurra,1
3550,gazetë,1
3551,mijë,1
3552,pleqë,1
3553,mashtroj,1
3554,pyesja,1
3555,gjalla,1
3556,besojnë,1
3557,tjetri,1
3558,vonesaxhi,1
3559,ulët,1
3560,vonestarë,1
3561,poshtër,1
3562,ngjasa,1
3563,mundësisht,1
3564,kthehesh,1
3565,mayukua,1
3566,biskotat,1
3567,pe,1
3568,politikani,1
3569,shfaq,1
3570,aksidentit,1
3571,kawaguchi,1
3572,shikojmë,1
3573,publiku,1
3574,vlerësojë,1
3575,dii,1
3576,garrën,1
3577,arsyen,1
3578,peruviane,1
3579,letoni,1
3580,ikëse,1
3581,paqëndrueshme,1
3582,qengji,1
3583,pjekur,1
3584,shijshëm,1
3585,kapelen,1
3586,inatosej,1
3587,vure,1
3588,zonën,1
3589,vlerë,1
3590,zgjidhi,1
3591,misterin,1
3592,zbulojmë,1
3593,vendosni,1
3594,maskën,1
3595,plota,1
3596,ikni,1
3597,laptopin,1
3598,fotografitë,1
3599,çmimin,1
3600,japonezë,1
3601,mbasdite,1
3602,may,1
3603,lojtare,1
3604,brixhit,1
3605,ça,1
3606,ndaluar,1
3607,ofensive,1
3608,kërceja,1
3609,vrapim,1
3610,studiojnë,1
3611,marok,1
3612,ferri,1
3613,djajtë,1
3614,bastard,1
3615,universitete,1
3616,lituani,1
3617,ndihmoi,1
3618,përtypesh,1
3619,zhurmë,1
3620,dajat,1
3621,lojbanin,1
3622,kënduar,1
3623,quan,1
3624,destinacionin,1
3625,sandwich,1
3626,sjellshme,1
3627,mëshiro,1
3628,erdoğan,1
3629,turqisë,1
3630,mirëupafshim,1
3631,ethe,1
3632,vuani,1
3633,pagjumësia,1
3634,shiti,1
3635,bajamet,1
3636,naruton,1
3637,ëndërroj,1
3638,nepal,1
3639,ëndërruar,1
3640,mrekullueshëm,1
3641,kuptoni,1
3642,superfuqi,1
3643,n,1
3644,agjëroj,1
3645,ramazan,1
3646,kivi,1
3647,dhikër,1
3648,haxh,1
3649,myslimanë,1
3650,devotshëm,1
3651,maqedonisë,1
3652,turqia,1
3653,serbia,1
3654,shkatërrojnë,1
3655,mekën,1
3656,medinen,1
3657,mik,1
3658,sheriatin,1
3659,ligjin,1
3660,zyrtar,1
3661,luten,1
3662,faraz,1
3663,sunet,1
3664,nafil,1
3665,tahajjud,1
3666,duha,1
3667,ishraq,1
3668,përkushtuar,1
3669,tokat,1
3670,greke,1
3671,xhihaditë,1
3672,muslimanëve,1
3673,lahen,1
3674,zina,1
3675,agjërojnë,1
3676,ramazanit,1
3677,lexojnë,1
3678,kuran,1
3679,punuar,1
3680,zalimët,1
3681,grekët,1
3682,paqësorë,1
3683,islamin,1
3684,ndjekin,1
3685,përditshme,1
3686,besimtarë,1
3687,islamit,1
3688,takohen,1
3689,zgjedhin,1
3690,racistë,1
3691,lirshme,1
3692,burrin,1
3693,bukurat,1
3694,mbulojnë,1
3695,bukurinë,1
3696,shqiptarë,1
3697,lejojnë,1
3698,kujdeset,1
3699,hallall,1
3700,perandorinë,1
3701,osmane,1
3702,besnike,1
3703,fetar,1
3704,raca,1
3705,inteligjencë,1
3706,hafiz,1
3707,padukshme,1
3708,syrin,1
3709,s'po,1
3710,palindromi,1
3711,turke,1
3712,tiranë,1
3713,mësuesi,1
3714,s'do,1
3715,lipën,1
3716,dëgjove,1
3717,këngën,1
3718,lipës,1
3719,paguaj,1
3720,lehtësisht,1
3721,s'di,1
3722,dimër,1
3723,maja,1
3724,mbuluar,1
3725,brad,1
3726,pit,1
3727,aktor,1
3728,sekreti,1
3729,mili,1
3730,kaltërt,1
3731,pranoni,1
3732,çeqe,1
3733,angleze,1
3734,mësuam,1
3735,zbuloi,1
3736,ishullin,1
3737,kopshti,1
3738,shtrat,1
3739,futbolli,1
3740,çantë,1
3741,mikroskop,1
3742,porosita,1
3743,përditësova,1
3744,softuerin,1
3745,versionin,1
3746,erdhën,1
3747,prostituta,1
3748,paraqitën,1
3749,pjekim,1
3750,gështenjat,1
3751,papë,1
3752,papën,1
3753,qiriu,1
3754,shuhet,1
3755,kurset,1
3756,online,1
3757,supën,1
3758,vjet,1
3759,luajtur,1
3760,muzikant,1
3761,muzikante,1
3762,shokë,1
3763,ç'është,1
3764,racizmi,1
3765,kohës,1
3766,sonë,1
3767,fitojë,1
3768,makaronat,1
3769,kriporja,1
3770,letërsisë,1
3771,s'dua,1
3772,dërgova,1
3773,tregoj,1
3774,planet,1
3775,flemë,1
3776,donzhuane,1
3777,fletorja,1
